fecha,n,n_black,n_white,n_hisp
2013-01-01,6,1,2,3
2013-01-02,7,1,2,3
2013-01-03,10,2,3,3
2013-01-04,16,5,6,3
2013-01-05,22,5,10,3
2013-01-06,26,5,14,3
2013-01-07,29,6,15,4
2013-01-08,31,6,17,4
2013-01-09,34,7,18,4
2013-01-10,37,7,21,4
2013-01-11,41,8,23,4
2013-01-12,46,8,25,5
2013-01-13,52,11,25,6
2013-01-14,55,11,25,6
2013-01-15,59,11,28,6
2013-01-16,64,12,30,6
2013-01-17,69,13,31,8
2013-01-18,75,15,35,8
2013-01-19,76,16,35,8
2013-01-21,78,17,35,9
2013-01-22,82,17,37,9
2013-01-23,83,18,37,9
2013-01-24,87,20,38,9
2013-01-25,91,22,39,10
2013-01-27,94,22,40,10
2013-01-28,98,24,42,10
2013-01-29,102,24,45,10
2013-01-30,104,24,45,12
2013-01-31,105,25,45,12
2013-02-01,106,26,45,12
2013-02-02,107,26,46,12
2013-02-03,108,26,46,12
2013-02-04,109,26,47,12
2013-02-05,110,26,48,12
2013-02-07,112,26,50,12
2013-02-08,115,26,50,14
2013-02-09,119,27,52,15
2013-02-10,120,27,53,15
2013-02-11,123,27,56,15
2013-02-12,125,29,56,15
2013-02-13,126,30,56,15
2013-02-14,127,30,56,16
2013-02-15,128,30,56,16
2013-02-16,131,31,56,18
2013-02-17,132,31,57,18
2013-02-18,135,32,59,18
2013-02-19,139,33,61,19
2013-02-20,140,34,61,19
2013-02-21,143,35,62,20
2013-02-22,145,35,63,21
2013-02-23,148,35,65,21
2013-02-24,150,35,66,22
2013-02-25,153,35,68,23
2013-02-26,156,35,69,23
2013-02-28,158,36,69,23
2013-03-01,161,37,71,23
2013-03-02,165,38,72,23
2013-03-03,167,38,73,23
2013-03-04,170,39,73,25
2013-03-05,173,40,75,25
2013-03-06,175,40,76,25
2013-03-07,178,40,76,26
2013-03-08,185,41,80,26
2013-03-09,186,42,80,26
2013-03-10,194,46,83,27
2013-03-12,198,47,84,28
2013-03-13,203,49,85,30
2013-03-14,208,50,87,30
2013-03-15,212,51,89,30
2013-03-16,215,51,89,32
2013-03-17,217,52,90,32
2013-03-18,220,53,90,34
2013-03-19,226,54,90,36
2013-03-20,227,55,90,36
2013-03-21,232,55,94,36
2013-03-22,235,57,95,36
2013-03-23,237,57,96,36
2013-03-24,238,57,96,36
2013-03-25,241,57,97,37
2013-03-26,243,57,98,37
2013-03-27,245,57,98,37
2013-03-28,247,57,99,37
2013-03-29,250,57,102,37
2013-03-30,253,58,102,39
2013-03-31,256,58,105,39
2013-04-01,259,59,105,39
2013-04-02,262,61,106,39
2013-04-04,265,62,106,39
2013-04-05,266,62,106,39
2013-04-06,267,62,107,39
2013-04-07,270,63,107,39
2013-04-08,273,64,108,39
2013-04-09,277,65,110,40
2013-04-10,282,65,115,40
2013-04-11,285,65,116,40
2013-04-12,287,65,117,40
2013-04-13,289,65,118,41
2013-04-15,291,67,118,41
2013-04-17,294,68,119,42
2013-04-18,299,68,122,42
2013-04-19,304,68,123,43
2013-04-20,310,69,126,45
2013-04-21,312,71,126,45
2013-04-22,318,72,128,45
2013-04-23,322,73,130,46
2013-04-24,325,75,130,46
2013-04-25,328,76,131,47
2013-04-26,330,78,131,47
2013-04-27,337,81,133,47
2013-04-28,339,81,134,48
2013-04-29,344,82,134,49
2013-04-30,350,82,137,50
2013-05-01,355,85,138,50
2013-05-02,359,87,139,51
2013-05-03,360,87,140,51
2013-05-04,364,88,141,52
2013-05-05,366,90,141,52
2013-05-06,367,90,141,52
2013-05-07,370,91,141,54
2013-05-08,373,91,143,54
2013-05-09,377,92,143,55
2013-05-10,383,93,145,56
2013-05-11,385,93,146,57
2013-05-12,388,94,147,57
2013-05-13,389,94,148,57
2013-05-14,392,94,150,58
2013-05-15,396,97,150,59
2013-05-16,401,99,152,59
2013-05-17,407,100,154,61
2013-05-18,411,103,155,61
2013-05-19,412,103,155,62
2013-05-20,417,105,157,63
2013-05-21,418,105,157,64
2013-05-22,422,107,158,64
2013-05-23,426,109,158,64
2013-05-24,431,109,161,65
2013-05-25,436,111,163,65
2013-05-26,440,111,165,67
2013-05-27,441,112,165,67
2013-05-28,443,112,167,67
2013-05-29,447,115,167,67
2013-05-30,450,115,167,69
2013-05-31,452,116,168,69
2013-06-01,455,116,170,69
2013-06-02,461,119,170,71
2013-06-03,464,119,172,72
2013-06-04,470,120,173,73
2013-06-05,475,121,175,73
2013-06-06,477,121,177,73
2013-06-07,483,121,181,73
2013-06-08,492,123,184,74
2013-06-09,496,123,187,75
2013-06-10,499,124,189,75
2013-06-11,501,125,190,75
2013-06-12,503,125,191,75
2013-06-13,506,125,193,75
2013-06-14,508,126,194,75
2013-06-15,512,127,195,76
2013-06-16,522,132,197,77
2013-06-17,526,133,198,77
2013-06-18,529,134,199,77
2013-06-19,534,135,200,78
2013-06-20,537,137,201,78
2013-06-21,538,137,202,78
2013-06-22,540,137,202,79
2013-06-23,545,138,204,80
2013-06-24,547,138,205,80
2013-06-25,548,138,205,80
2013-06-26,551,138,207,80
2013-06-27,554,139,208,80
2013-06-28,558,139,211,80
2013-06-29,562,140,211,81
2013-06-30,564,141,211,82
2013-07-01,566,141,211,82
2013-07-02,570,141,212,83
2013-07-03,574,141,216,83
2013-07-04,578,143,216,84
2013-07-05,583,144,219,84
2013-07-06,587,144,220,84
2013-07-07,591,145,222,85
2013-07-08,596,146,225,85
2013-07-09,601,148,225,87
2013-07-10,604,149,226,87
2013-07-11,609,152,227,88
2013-07-12,610,152,228,88
2013-07-13,611,152,229,88
2013-07-14,614,152,230,89
2013-07-15,615,153,230,89
2013-07-16,620,155,232,89
2013-07-17,622,155,233,90
2013-07-18,627,159,233,90
2013-07-19,630,160,234,91
2013-07-20,632,160,235,91
2013-07-21,635,161,237,91
2013-07-22,637,162,237,92
2013-07-23,639,162,237,92
2013-07-24,640,162,238,92
2013-07-25,643,163,238,93
2013-07-26,645,164,238,94
2013-07-27,649,164,239,96
2013-07-28,656,166,241,98
2013-07-29,661,168,242,98
2013-07-30,666,169,244,99
2013-07-31,669,170,245,100
2013-08-02,670,170,246,100
2013-08-03,672,170,247,101
2013-08-04,675,171,248,102
2013-08-05,678,171,248,104
2013-08-06,680,171,248,106
2013-08-07,682,172,249,106
2013-08-08,686,174,251,106
2013-08-09,689,174,254,106
2013-08-10,691,174,256,106
2013-08-11,693,176,256,106
2013-08-12,696,177,257,106
2013-08-13,702,178,259,107
2013-08-14,705,178,262,107
2013-08-15,709,179,264,107
2013-08-16,713,180,266,107
2013-08-17,715,180,268,107
2013-08-18,719,180,271,108
2013-08-19,722,182,272,108
2013-08-20,729,184,276,108
2013-08-21,731,184,278,108
2013-08-22,735,184,281,109
2013-08-23,740,185,283,109
2013-08-24,742,185,284,109
2013-08-25,744,185,285,109
2013-08-26,745,185,285,109
2013-08-27,746,186,285,109
2013-08-28,750,188,285,110
2013-08-29,754,189,286,110
2013-08-30,757,189,287,111
2013-08-31,760,190,288,112
2013-09-01,765,190,289,115
2013-09-02,771,190,293,115
2013-09-03,773,190,293,115
2013-09-04,775,191,293,116
2013-09-05,779,195,293,116
2013-09-06,784,197,295,116
2013-09-07,790,199,298,116
2013-09-08,791,199,299,116
2013-09-09,793,199,300,117
2013-09-10,795,200,300,118
2013-09-12,797,200,301,119
2013-09-13,798,200,301,120
2013-09-14,803,202,302,120
2013-09-16,807,204,303,121
2013-09-17,809,205,304,121
2013-09-18,813,205,304,124
2013-09-20,815,206,304,125
2013-09-21,818,206,306,125
2013-09-22,819,206,307,125
2013-09-23,822,207,309,125
2013-09-24,825,208,311,125
2013-09-25,830,208,312,129
2013-09-26,833,209,314,129
2013-09-27,834,209,315,129
2013-09-28,835,209,316,129
2013-09-29,837,210,317,129
2013-10-01,840,210,318,131
2013-10-02,841,211,318,131
2013-10-03,844,213,319,131
2013-10-04,847,215,320,131
2013-10-05,852,217,323,131
2013-10-06,854,218,324,131
2013-10-08,857,219,325,131
2013-10-09,860,219,328,131
2013-10-11,865,220,331,131
2013-10-13,871,223,333,132
2013-10-14,875,223,337,132
2013-10-15,878,225,338,132
2013-10-16,880,225,339,133
2013-10-17,883,226,340,134
2013-10-18,886,227,341,135
2013-10-19,889,228,341,136
2013-10-20,892,229,343,136
2013-10-21,896,230,344,138
2013-10-22,900,231,345,140
2013-10-23,903,231,347,140
2013-10-24,908,233,349,141
2013-10-25,916,236,350,143
2013-10-26,922,237,353,144
2013-10-27,929,239,357,145
2013-10-28,932,240,359,145
2013-10-29,936,243,360,145
2013-10-30,941,245,360,145
2013-10-31,945,245,361,145
2013-11-01,948,246,361,147
2013-11-02,949,246,361,148
2013-11-03,951,246,362,148
2013-11-04,954,248,363,148
2013-11-05,956,249,363,148
2013-11-06,958,249,364,149
2013-11-07,959,249,364,150
2013-11-08,960,250,364,150
2013-11-10,962,251,365,150
2013-11-11,966,253,366,150
2013-11-13,969,254,366,151
2013-11-14,971,254,366,151
2013-11-15,974,255,367,152
2013-11-16,977,256,369,152
2013-11-17,980,258,370,152
2013-11-18,984,260,372,152
2013-11-19,989,261,375,152
2013-11-20,993,263,376,152
2013-11-21,995,263,378,152
2013-11-22,1001,264,381,154
2013-11-23,1003,264,382,154
2013-11-24,1004,264,383,154
2013-11-25,1008,267,383,155
2013-11-26,1010,268,384,155
2013-11-27,1012,269,384,156
2013-11-28,1016,269,387,157
2013-11-29,1019,269,389,158
2013-12-01,1022,269,392,158
2013-12-02,1025,270,393,158
2013-12-03,1027,271,394,158
2013-12-04,1029,272,394,159
2013-12-05,1031,272,394,159
2013-12-06,1034,273,396,159
2013-12-07,1038,275,398,159
2013-12-08,1042,276,399,161
2013-12-09,1043,276,400,161
2013-12-10,1046,276,402,162
2013-12-11,1048,276,404,162
2013-12-12,1051,277,406,162
2013-12-13,1055,277,410,162
2013-12-14,1058,277,410,164
2013-12-16,1060,277,412,164
2013-12-18,1061,277,413,164
2013-12-19,1062,278,413,164
2013-12-20,1063,279,413,164
2013-12-21,1065,279,414,164
2013-12-22,1066,279,415,164
2013-12-23,1067,279,416,164
2013-12-24,1069,279,416,165
2013-12-25,1070,279,417,165
2013-12-26,1072,280,418,165
2013-12-27,1075,281,419,165
2013-12-28,1078,283,419,166
2013-12-29,1086,285,422,166
2013-12-30,1087,285,422,166
2013-12-31,1089,287,422,166
2014-01-01,1091,288,423,166
2014-01-02,1094,289,425,166
2014-01-03,1099,290,428,167
2014-01-04,1106,290,432,169
2014-01-05,1108,290,434,169
2014-01-06,1109,290,435,169
2014-01-07,1111,290,437,169
2014-01-08,1112,290,438,169
2014-01-09,1115,290,439,170
2014-01-10,1116,291,439,170
2014-01-12,1118,291,440,171
2014-01-13,1119,292,440,171
2014-01-14,1125,294,442,172
2014-01-15,1127,294,444,172
2014-01-16,1134,296,448,172
2014-01-17,1135,296,448,173
2014-01-18,1136,296,449,173
2014-01-19,1137,296,450,173
2014-01-20,1141,296,453,173
2014-01-21,1146,297,455,175
2014-01-22,1147,297,456,175
2014-01-23,1148,298,456,175
2014-01-24,1150,298,458,175
2014-01-25,1152,298,459,175
2014-01-26,1154,299,460,175
2014-01-27,1157,300,460,176
2014-01-28,1161,300,462,177
2014-01-29,1165,302,463,178
2014-01-30,1167,302,464,179
2014-01-31,1170,303,464,181
2014-02-01,1173,304,466,181
2014-02-03,1174,304,466,182
2014-02-04,1179,306,466,182
2014-02-05,1182,308,466,182
2014-02-06,1183,308,467,182
2014-02-07,1188,309,471,182
2014-02-09,1189,310,471,182
2014-02-10,1195,314,471,183
2014-02-11,1197,314,473,183
2014-02-12,1199,315,474,183
2014-02-13,1202,315,475,185
2014-02-14,1204,316,476,185
2014-02-15,1208,317,478,186
2014-02-16,1212,319,479,186
2014-02-17,1214,320,480,186
2014-02-18,1217,321,481,187
2014-02-20,1218,321,481,187
2014-02-21,1219,321,481,188
2014-02-22,1220,321,481,189
2014-02-23,1221,321,481,189
2014-02-24,1222,322,481,189
2014-02-25,1225,322,483,189
2014-02-26,1230,322,486,189
2014-02-27,1231,323,486,189
2014-02-28,1234,324,487,190
2014-03-01,1235,324,488,190
2014-03-02,1238,324,490,191
2014-03-03,1241,324,492,191
2014-03-04,1245,325,494,192
2014-03-05,1250,326,496,194
2014-03-06,1255,328,499,194
2014-03-07,1257,328,501,194
2014-03-08,1259,329,501,194
2014-03-09,1265,331,502,195
2014-03-10,1271,332,505,196
2014-03-11,1273,332,507,196
2014-03-12,1276,332,510,196
2014-03-13,1278,332,510,197
2014-03-14,1280,332,512,197
2014-03-16,1285,333,514,197
2014-03-17,1288,334,515,197
2014-03-18,1292,336,517,197
2014-03-19,1294,336,518,197
2014-03-20,1298,336,520,199
2014-03-21,1304,339,522,200
2014-03-22,1306,340,523,200
2014-03-23,1308,341,524,200
2014-03-24,1309,341,525,200
2014-03-25,1316,344,528,200
2014-03-26,1318,344,530,200
2014-03-27,1322,345,531,201
2014-03-28,1327,347,532,201
2014-03-29,1328,348,532,201
2014-03-30,1329,349,532,201
2014-03-31,1332,349,534,201
2014-04-02,1334,350,535,201
2014-04-03,1336,350,537,201
2014-04-04,1340,350,539,203
2014-04-05,1342,352,539,203
2014-04-06,1344,352,540,203
2014-04-07,1349,354,541,204
2014-04-08,1352,354,544,204
2014-04-09,1353,354,544,205
2014-04-10,1356,354,547,205
2014-04-11,1361,356,550,205
2014-04-12,1365,356,553,206
2014-04-13,1373,357,556,208
2014-04-14,1376,357,557,209
2014-04-15,1377,358,557,209
2014-04-16,1381,359,560,209
2014-04-17,1385,359,563,210
2014-04-18,1386,359,563,211
2014-04-19,1388,359,563,213
2014-04-20,1391,359,565,214
2014-04-21,1397,360,569,214
2014-04-22,1400,360,572,214
2014-04-23,1403,360,572,215
2014-04-24,1404,360,573,215
2014-04-25,1408,363,573,216
2014-04-26,1410,363,574,216
2014-04-27,1411,363,575,216
2014-04-28,1413,363,577,216
2014-04-29,1419,364,579,217
2014-04-30,1421,365,580,217
2014-05-01,1422,365,580,217
2014-05-02,1425,367,581,217
2014-05-03,1426,368,581,217
2014-05-04,1429,369,582,218
2014-05-05,1431,371,582,218
2014-05-06,1434,372,584,218
2014-05-07,1437,374,584,219
2014-05-08,1443,375,586,222
2014-05-09,1446,376,587,223
2014-05-10,1451,378,588,224
2014-05-11,1455,380,589,225
2014-05-12,1458,382,590,225
2014-05-13,1460,382,592,225
2014-05-14,1461,382,592,226
2014-05-15,1464,382,595,226
2014-05-16,1469,384,597,226
2014-05-17,1471,384,598,227
2014-05-18,1476,385,601,227
2014-05-19,1481,386,602,228
2014-05-20,1484,386,602,230
2014-05-21,1487,387,603,231
2014-05-22,1489,387,604,232
2014-05-23,1490,387,604,232
2014-05-24,1496,389,606,234
2014-05-25,1498,390,607,234
2014-05-26,1500,391,607,235
2014-05-27,1502,391,609,235
2014-05-28,1504,392,610,235
2014-05-29,1508,394,612,235
2014-05-30,1516,396,615,237
2014-05-31,1520,399,616,237
2014-06-01,1521,399,616,237
2014-06-02,1525,400,619,237
2014-06-03,1526,400,619,238
2014-06-04,1531,402,622,238
2014-06-05,1533,403,623,238
2014-06-06,1538,404,627,238
2014-06-07,1541,405,628,238
2014-06-08,1544,406,629,239
2014-06-09,1548,407,632,239
2014-06-10,1552,408,634,240
2014-06-11,1555,408,635,241
2014-06-12,1559,408,639,241
2014-06-13,1562,409,640,242
2014-06-14,1565,410,641,243
2014-06-15,1569,411,643,243
2014-06-16,1571,412,644,243
2014-06-18,1572,413,644,243
2014-06-19,1578,414,647,245
2014-06-20,1584,416,649,245
2014-06-21,1589,416,652,246
2014-06-22,1591,417,653,246
2014-06-24,1594,419,654,246
2014-06-25,1598,421,656,246
2014-06-26,1602,422,659,246
2014-06-27,1607,425,661,246
2014-06-29,1609,425,661,246
2014-06-30,1610,425,661,247
2014-07-01,1613,426,662,247
2014-07-02,1615,426,663,248
2014-07-03,1618,426,664,250
2014-07-04,1620,427,664,251
2014-07-05,1624,429,666,251
2014-07-06,1626,429,667,251
2014-07-07,1627,429,668,251
2014-07-08,1628,429,668,251
2014-07-09,1633,430,672,251
2014-07-10,1635,431,672,252
2014-07-11,1638,431,674,252
2014-07-12,1641,431,677,252
2014-07-13,1646,432,678,252
2014-07-14,1649,433,680,252
2014-07-15,1650,433,681,252
2014-07-16,1654,434,682,254
2014-07-17,1658,436,683,254
2014-07-18,1661,437,685,254
2014-07-19,1662,437,685,255
2014-07-20,1664,437,687,255
2014-07-21,1665,438,687,255
2014-07-22,1671,441,689,256
2014-07-23,1673,442,690,256
2014-07-24,1674,442,691,256
2014-07-25,1676,442,692,257
2014-07-26,1678,443,693,257
2014-07-27,1680,443,695,257
2014-07-28,1683,445,696,257
2014-07-29,1689,445,699,259
2014-07-30,1693,446,700,259
2014-07-31,1694,446,701,259
2014-08-01,1698,448,701,260
2014-08-02,1703,448,702,264
2014-08-03,1709,449,705,265
2014-08-04,1710,449,705,266
2014-08-05,1716,453,705,266
2014-08-06,1718,454,705,267
2014-08-07,1719,454,705,268
2014-08-08,1723,454,707,269
2014-08-09,1729,456,710,270
2014-08-10,1732,456,713,270
2014-08-11,1739,460,714,271
2014-08-12,1743,461,715,272
2014-08-13,1749,462,717,275
2014-08-14,1752,463,719,275
2014-08-15,1753,463,720,275
2014-08-16,1754,464,720,275
2014-08-17,1756,465,721,275
2014-08-18,1759,467,722,275
2014-08-19,1765,470,724,276
2014-08-20,1768,471,725,277
2014-08-22,1770,472,725,278
2014-08-23,1775,473,727,280
2014-08-24,1779,473,730,281
2014-08-25,1783,475,731,282
2014-08-26,1787,477,733,282
2014-08-27,1792,478,734,283
2014-08-28,1796,478,737,284
2014-08-29,1800,479,739,285
2014-08-30,1804,479,742,286
2014-08-31,1808,481,744,286
2014-09-01,1810,481,745,287
2014-09-02,1812,482,746,287
2014-09-03,1816,482,748,288
2014-09-05,1817,482,749,288
2014-09-06,1818,482,750,288
2014-09-07,1819,482,751,288
2014-09-08,1825,483,755,289
2014-09-09,1827,484,756,289
2014-09-11,1830,484,759,289
2014-09-12,1833,486,760,289
2014-09-13,1836,487,762,289
2014-09-14,1839,488,763,290
2014-09-15,1841,490,763,290
2014-09-16,1844,491,764,291
2014-09-17,1846,491,766,291
2014-09-18,1849,493,767,291
2014-09-19,1853,493,769,291
2014-09-20,1856,493,772,291
2014-09-21,1858,493,773,292
2014-09-22,1860,493,774,293
2014-09-23,1866,495,778,293
2014-09-24,1868,496,779,293
2014-09-25,1870,496,780,294
2014-09-26,1872,496,782,294
2014-09-27,1876,497,784,294
2014-09-28,1878,498,784,294
2014-09-29,1880,498,784,296
2014-09-30,1885,500,787,296
2014-10-01,1888,501,788,297
2014-10-02,1890,502,788,297
2014-10-03,1892,502,789,297
2014-10-04,1895,504,789,298
2014-10-05,1896,504,789,299
2014-10-06,1897,505,789,299
2014-10-07,1902,509,789,300
2014-10-08,1906,510,790,301
2014-10-09,1908,511,791,301
2014-10-10,1911,513,792,301
2014-10-11,1913,513,793,301
2014-10-12,1917,515,794,302
2014-10-13,1920,515,796,303
2014-10-17,1923,516,798,303
2014-10-18,1926,518,799,303
2014-10-20,1931,519,799,306
2014-10-21,1932,519,799,307
2014-10-22,1933,519,799,308
2014-10-23,1938,521,799,310
2014-10-24,1943,522,802,311
2014-10-25,1947,523,804,312
2014-10-26,1949,524,805,312
2014-10-27,1953,524,808,313
2014-10-28,1959,525,811,314
2014-10-29,1960,525,812,314
2014-10-30,1961,525,813,314
2014-10-31,1962,525,813,315
2014-11-01,1966,526,815,316
2014-11-02,1969,527,816,317
2014-11-03,1973,529,817,317
2014-11-04,1974,529,817,317
2014-11-05,1976,529,818,317
2014-11-06,1979,530,820,317
2014-11-07,1980,530,821,317
2014-11-08,1985,531,824,317
2014-11-09,1991,532,825,320
2014-11-11,1995,532,828,320
2014-11-12,1996,532,828,321
2014-11-13,2002,534,830,323
2014-11-14,2006,534,832,324
2014-11-15,2007,534,832,325
2014-11-16,2014,535,836,327
2014-11-17,2015,535,837,327
2014-11-18,2018,535,839,328
2014-11-19,2020,536,840,328
2014-11-20,2024,538,842,328
2014-11-21,2025,538,842,329
2014-11-22,2031,539,846,330
2014-11-23,2034,539,848,331
2014-11-24,2036,541,848,331
2014-11-25,2040,542,851,331
2014-11-26,2043,542,854,331
2014-11-27,2044,542,854,331
2014-11-28,2048,542,856,332
2014-11-30,2050,542,857,333
2014-12-01,2054,542,859,334
2014-12-02,2057,544,860,334
2014-12-03,2059,545,860,334
2014-12-04,2063,545,863,335
2014-12-05,2065,545,865,335
2014-12-07,2071,546,867,337
2014-12-08,2073,547,867,338
2014-12-09,2075,548,868,338
2014-12-10,2077,549,868,338
2014-12-11,2079,549,870,338
2014-12-12,2080,550,870,338
2014-12-13,2083,550,871,339
2014-12-14,2086,551,871,340
2014-12-15,2090,554,871,341
2014-12-17,2098,554,876,343
2014-12-18,2100,554,877,343
2014-12-19,2103,555,879,343
2014-12-20,2104,555,879,343
2014-12-21,2107,555,882,343
2014-12-22,2111,555,885,344
2014-12-23,2113,556,885,344
2014-12-24,2117,557,887,344
2014-12-25,2120,558,887,346
2014-12-26,2123,560,888,346
2014-12-27,2124,560,889,346
2014-12-28,2127,561,890,346
2014-12-29,2129,561,892,346
2014-12-30,2133,562,895,346
2014-12-31,2139,564,897,348
2015-01-01,2140,564,897,349
2015-01-02,2142,564,898,349
2015-01-03,2143,564,898,350
2015-01-04,2146,564,900,351
2015-01-05,2147,564,900,352
2015-01-06,2152,566,903,352
2015-01-07,2158,570,905,352
2015-01-08,2162,571,908,352
2015-01-09,2163,571,909,352
2015-01-11,2166,571,910,354
2015-01-13,2168,571,912,354
2015-01-14,2173,572,916,354
2015-01-15,2179,575,918,355
2015-01-16,2184,577,919,355
2015-01-17,2187,579,919,356
2015-01-18,2189,579,921,356
2015-01-19,2190,579,922,356
2015-01-20,2191,580,922,356
2015-01-21,2196,581,925,357
2015-01-22,2198,582,926,357
2015-01-23,2201,583,927,358
2015-01-24,2204,584,929,358
2015-01-25,2206,584,929,359
2015-01-26,2210,584,930,362
2015-01-27,2214,585,932,363
2015-01-28,2217,585,934,363
2015-01-29,2219,585,936,363
2015-01-30,2220,585,937,363
2015-01-31,2222,586,937,364
2015-02-02,2225,586,940,364
2015-02-03,2230,589,941,365
2015-02-04,2237,592,942,368
2015-02-06,2238,593,942,368
2015-02-07,2240,594,943,368
2015-02-08,2246,596,946,369
2015-02-09,2248,597,947,369
2015-02-10,2251,598,948,370
2015-02-11,2254,599,950,370
2015-02-13,2259,599,952,373
2015-02-14,2261,599,954,373
2015-02-15,2264,600,956,373
2015-02-16,2267,600,959,373
2015-02-17,2272,600,963,374
2015-02-18,2273,601,963,374
2015-02-20,2278,603,964,376
2015-02-21,2280,603,966,376
2015-02-22,2282,604,967,376
2015-02-23,2288,605,972,376
2015-02-24,2289,605,972,377
2015-02-25,2291,606,973,377
2015-02-26,2296,606,976,379
2015-02-27,2297,606,976,380
2015-02-28,2304,609,979,381
2015-03-01,2309,612,980,381
2015-03-02,2310,613,980,381
2015-03-03,2312,614,981,381
2015-03-04,2314,614,981,382
2015-03-05,2317,615,982,383
2015-03-06,2322,618,983,384
2015-03-07,2323,618,984,384
2015-03-08,2326,619,985,385
2015-03-09,2330,621,987,385
2015-03-10,2335,624,988,386
2015-03-11,2342,625,992,388
2015-03-12,2343,626,992,388
2015-03-13,2348,626,994,391
2015-03-14,2351,626,996,392
2015-03-15,2353,626,998,392
2015-03-16,2355,626,1000,392
2015-03-17,2361,627,1004,393
2015-03-18,2364,627,1007,393
2015-03-19,2371,629,1012,393
2015-03-20,2374,630,1013,393
2015-03-21,2378,630,1017,393
2015-03-22,2381,631,1019,393
2015-03-23,2382,632,1019,393
2015-03-24,2386,633,1022,393
2015-03-25,2389,635,1022,394
2015-03-26,2391,635,1023,395
2015-03-27,2399,639,1026,396
2015-03-29,2402,641,1027,396
2015-03-30,2405,642,1029,396
2015-03-31,2410,645,1030,397
2015-04-01,2412,646,1031,397
2015-04-02,2417,649,1033,397
2015-04-03,2418,649,1034,397
2015-04-04,2423,652,1036,397
2015-04-05,2425,652,1038,397
2015-04-06,2430,653,1041,397
2015-04-07,2431,653,1042,397
2015-04-08,2436,654,1043,398
2015-04-09,2441,655,1047,398
2015-04-10,2443,655,1048,399
2015-04-11,2444,655,1049,399
2015-04-12,2447,656,1051,399
2015-04-13,2449,656,1051,401
2015-04-14,2451,657,1052,401
2015-04-15,2457,660,1054,402
2015-04-16,2459,660,1055,403
2015-04-17,2463,663,1055,404
2015-04-18,2465,663,1056,405
2015-04-19,2469,665,1058,405
2015-04-20,2470,665,1058,406
2015-04-21,2475,666,1060,407
2015-04-22,2480,668,1061,408
2015-04-23,2483,668,1062,410
2015-04-24,2487,669,1065,410
2015-04-25,2490,670,1067,410
2015-04-26,2493,670,1070,410
2015-04-27,2494,671,1070,410
2015-04-28,2497,672,1072,410
2015-04-29,2503,674,1073,411
2015-04-30,2505,674,1073,412
2015-05-02,2506,674,1074,412
2015-05-03,2512,676,1076,413
2015-05-04,2513,676,1077,413
2015-05-05,2516,677,1078,413
2015-05-06,2517,677,1079,413
2015-05-07,2520,678,1081,413
2015-05-08,2524,680,1083,413
2015-05-10,2526,681,1084,413
2015-05-11,2529,682,1086,413
2015-05-12,2533,684,1087,413
2015-05-14,2535,684,1089,413
2015-05-15,2537,684,1091,413
2015-05-16,2538,685,1091,413
2015-05-17,2541,685,1094,413
2015-05-19,2544,685,1096,414
2015-05-20,2549,688,1098,414
2015-05-21,2554,690,1099,416
2015-05-22,2555,690,1100,416
2015-05-23,2558,691,1102,416
2015-05-25,2560,692,1103,416
2015-05-26,2563,693,1105,416
2015-05-27,2569,693,1110,416
2015-05-28,2573,695,1112,416
2015-05-29,2577,696,1115,416
2015-05-30,2579,696,1116,417
2015-05-31,2582,697,1118,417
2015-06-01,2583,697,1119,417
2015-06-02,2585,698,1119,417
2015-06-03,2590,698,1120,421
2015-06-05,2593,699,1121,422
2015-06-06,2598,700,1123,424
2015-06-07,2600,700,1124,424
2015-06-08,2604,700,1126,426
2015-06-09,2609,702,1129,426
2015-06-10,2610,703,1129,426
2015-06-11,2615,705,1130,428
2015-06-12,2616,705,1131,428
2015-06-13,2620,706,1134,428
2015-06-14,2622,706,1135,429
2015-06-15,2624,708,1135,429
2015-06-16,2627,708,1136,430
2015-06-17,2629,708,1138,430
2015-06-18,2630,708,1139,430
2015-06-19,2633,709,1139,432
2015-06-20,2636,712,1139,432
2015-06-21,2638,712,1140,433
2015-06-22,2642,713,1142,434
2015-06-23,2646,713,1146,434
2015-06-24,2647,714,1146,434
2015-06-25,2649,715,1147,434
2015-06-26,2651,715,1148,435
2015-06-27,2652,715,1149,435
2015-06-28,2653,715,1150,435
2015-06-29,2654,715,1151,435
2015-06-30,2655,715,1152,435
2015-07-01,2658,716,1154,435
2015-07-02,2662,717,1155,435
2015-07-03,2666,717,1156,438
2015-07-04,2671,720,1158,438
2015-07-05,2675,720,1161,439
2015-07-06,2681,721,1165,440
2015-07-07,2689,723,1169,442
2015-07-08,2692,724,1171,442
2015-07-09,2698,726,1175,442
2015-07-10,2701,728,1176,442
2015-07-11,2703,729,1177,442
2015-07-12,2708,730,1180,442
2015-07-13,2712,731,1182,443
2015-07-14,2714,732,1183,443
2015-07-15,2715,732,1184,443
2015-07-16,2722,734,1186,444
2015-07-17,2727,736,1188,445
2015-07-18,2732,736,1192,446
2015-07-19,2733,737,1192,446
2015-07-20,2738,737,1194,448
2015-07-21,2741,737,1197,448
2015-07-22,2744,739,1197,449
2015-07-23,2749,740,1201,449
2015-07-24,2751,740,1203,449
2015-07-25,2755,742,1205,449
2015-07-26,2757,743,1206,449
2015-07-27,2760,743,1209,449
2015-07-28,2762,743,1211,449
2015-07-29,2765,744,1212,450
2015-07-30,2770,744,1214,453
2015-07-31,2772,744,1215,454
2015-08-01,2775,744,1216,455
2015-08-02,2776,744,1217,455
2015-08-03,2780,745,1220,455
2015-08-04,2782,746,1220,456
2015-08-05,2788,748,1223,457
2015-08-06,2792,751,1223,458
2015-08-07,2799,754,1226,459
2015-08-08,2803,755,1228,459
2015-08-09,2807,756,1229,460
2015-08-10,2808,756,1230,460
2015-08-11,2810,756,1232,460
2015-08-12,2816,759,1234,461
2015-08-14,2820,761,1235,462
2015-08-15,2825,763,1237,463
2015-08-16,2827,763,1238,464
2015-08-17,2829,764,1238,465
2015-08-19,2833,766,1240,465
2015-08-20,2836,766,1242,466
2015-08-21,2840,766,1246,466
2015-08-22,2846,767,1251,466
2015-08-23,2851,768,1255,466
2015-08-25,2856,769,1257,468
2015-08-26,2859,769,1260,468
2015-08-27,2863,771,1261,469
2015-08-28,2867,772,1263,470
2015-08-29,2870,773,1264,471
2015-08-30,2872,773,1265,472
2015-08-31,2875,774,1267,472
2015-09-01,2878,775,1269,472
2015-09-02,2879,775,1270,472
2015-09-04,2885,775,1274,473
2015-09-05,2890,778,1274,475
2015-09-06,2893,778,1275,476
2015-09-07,2896,779,1276,477
2015-09-08,2898,779,1277,477
2015-09-09,2902,780,1278,477
2015-09-10,2907,781,1279,479
2015-09-11,2909,781,1281,479
2015-09-12,2911,781,1283,479
2015-09-13,2914,782,1285,479
2015-09-14,2916,783,1286,479
2015-09-15,2921,785,1286,482
2015-09-16,2922,785,1287,482
2015-09-17,2924,785,1289,482
2015-09-18,2926,785,1291,482
2015-09-19,2929,785,1293,482
2015-09-20,2931,785,1295,482
2015-09-21,2937,785,1299,484
2015-09-22,2941,786,1302,484
2015-09-23,2946,789,1304,484
2015-09-24,2949,790,1305,484
2015-09-25,2953,791,1307,485
2015-09-26,2955,792,1307,486
2015-09-27,2958,792,1308,488
2015-09-28,2960,793,1308,489
2015-09-29,2962,793,1309,489
2015-09-30,2964,794,1310,489
2015-10-02,2968,794,1312,491
2015-10-04,2971,795,1314,491
2015-10-05,2974,795,1316,491
2015-10-06,2975,795,1317,491
2015-10-07,2976,795,1317,492
2015-10-09,2978,795,1318,493
2015-10-10,2983,795,1322,494
2015-10-11,2987,796,1322,496
2015-10-12,2989,797,1323,496
2015-10-14,2994,798,1325,497
2015-10-15,3001,800,1328,499
2015-10-16,3006,801,1330,500
2015-10-17,3010,804,1330,501
2015-10-18,3014,805,1332,502
2015-10-19,3015,806,1332,502
2015-10-20,3021,807,1336,503
2015-10-21,3025,807,1337,506
2015-10-22,3028,809,1338,506
2015-10-23,3029,810,1338,506
2015-10-24,3036,812,1342,507
2015-10-25,3037,812,1343,507
2015-10-26,3041,814,1343,508
2015-10-27,3042,815,1343,508
2015-10-28,3046,817,1345,508
2015-10-29,3050,818,1348,508
2015-10-30,3055,820,1350,509
2015-10-31,3057,821,1351,509
2015-11-01,3061,822,1354,509
2015-11-02,3062,823,1354,509
2015-11-03,3063,823,1355,509
2015-11-04,3067,824,1357,509
2015-11-05,3071,824,1361,509
2015-11-06,3075,824,1365,509
2015-11-09,3082,827,1366,512
2015-11-10,3086,827,1368,514
2015-11-11,3090,828,1369,516
2015-11-12,3091,828,1369,517
2015-11-13,3094,828,1371,518
2015-11-14,3096,829,1371,519
2015-11-15,3100,832,1372,519
2015-11-16,3102,832,1374,519
2015-11-17,3108,835,1377,519
2015-11-18,3111,838,1377,519
2015-11-19,3114,841,1377,519
2015-11-20,3118,842,1379,520
2015-11-21,3119,842,1380,520
2015-11-22,3122,842,1382,521
2015-11-23,3124,842,1383,522
2015-11-24,3127,843,1385,522
2015-11-25,3131,843,1389,522
2015-11-26,3132,843,1390,522
2015-11-27,3133,843,1391,522
2015-11-28,3134,843,1392,522
2015-11-29,3139,843,1395,524
2015-11-30,3142,844,1395,525
2015-12-01,3144,844,1396,526
2015-12-02,3150,845,1396,529
2015-12-03,3151,845,1397,529
2015-12-04,3154,846,1399,529
2015-12-05,3159,846,1403,530
2015-12-06,3162,847,1405,530
2015-12-07,3163,848,1405,530
2015-12-08,3166,850,1406,530
2015-12-09,3169,851,1408,530
2015-12-10,3173,852,1410,530
2015-12-11,3174,852,1411,530
2015-12-12,3181,855,1413,531
2015-12-13,3185,855,1415,532
2015-12-14,3193,856,1419,534
2015-12-15,3195,857,1419,534
2015-12-16,3196,857,1420,534
2015-12-17,3198,857,1422,534
2015-12-18,3202,857,1425,535
2015-12-19,3204,858,1425,536
2015-12-20,3208,860,1426,537
2015-12-21,3216,863,1429,539
2015-12-22,3220,863,1432,540
2015-12-23,3221,864,1432,540
2015-12-24,3226,866,1433,541
2015-12-25,3227,866,1434,541
2015-12-26,3231,868,1435,542
2015-12-27,3234,868,1438,542
2015-12-28,3235,868,1439,542
2015-12-29,3238,868,1440,542
2015-12-30,3240,868,1440,543
2015-12-31,3241,869,1440,543
2016-01-01,3242,869,1441,543
2016-01-02,3245,869,1444,543
2016-01-03,3246,870,1444,543
2016-01-04,3248,872,1444,543
2016-01-05,3254,873,1448,544
2016-01-06,3257,873,1450,545
2016-01-08,3259,873,1452,545
2016-01-10,3261,873,1454,545
2016-01-11,3265,873,1458,545
2016-01-12,3267,873,1459,545
2016-01-13,3269,873,1461,545
2016-01-14,3271,873,1462,546
2016-01-15,3273,874,1463,546
2016-01-16,3279,875,1467,547
2016-01-17,3285,876,1471,548
2016-01-18,3290,876,1476,548
2016-01-19,3294,876,1479,549
2016-01-20,3297,877,1481,549
2016-01-21,3298,878,1481,549
2016-01-22,3299,878,1482,549
2016-01-23,3300,878,1483,549
2016-01-25,3302,878,1484,550
2016-01-26,3304,878,1485,551
2016-01-27,3312,880,1488,553
2016-01-28,3315,881,1489,553
2016-01-29,3318,883,1490,553
2016-01-30,3322,884,1491,555
2016-01-31,3327,885,1493,556
2016-02-01,3329,886,1493,557
2016-02-02,3331,886,1494,557
2016-02-03,3334,886,1495,558
2016-02-04,3339,887,1498,559
2016-02-05,3345,888,1502,559
2016-02-06,3347,888,1503,560
2016-02-07,3350,889,1504,561
2016-02-08,3353,892,1504,561
2016-02-09,3357,892,1506,562
2016-02-10,3362,892,1509,562
2016-02-11,3365,893,1511,562
2016-02-12,3370,897,1512,562
2016-02-13,3374,901,1512,562
2016-02-14,3377,901,1514,563
2016-02-15,3380,901,1515,565
2016-02-16,3383,901,1518,565
2016-02-17,3384,902,1518,565
2016-02-18,3388,902,1519,568
2016-02-19,3390,902,1521,568
2016-02-20,3394,903,1522,570
2016-02-21,3399,906,1522,570
2016-02-22,3404,907,1525,571
2016-02-23,3408,908,1526,573
2016-02-24,3413,909,1528,575
2016-02-25,3418,911,1531,575
2016-02-26,3420,912,1532,575
2016-02-27,3421,912,1532,576
2016-02-28,3423,912,1534,576
2016-02-29,3424,913,1534,576
2016-03-01,3427,913,1535,578
2016-03-02,3429,913,1537,578
2016-03-03,3431,913,1538,579
2016-03-04,3433,913,1540,579
2016-03-05,3435,913,1542,579
2016-03-06,3438,913,1544,580
2016-03-07,3444,913,1548,582
2016-03-08,3445,913,1549,582
2016-03-10,3450,914,1551,584
2016-03-11,3454,915,1553,585
2016-03-12,3458,917,1555,585
2016-03-13,3466,919,1559,586
2016-03-14,3467,920,1559,586
2016-03-15,3470,920,1562,586
2016-03-16,3474,920,1563,589
2016-03-17,3479,922,1564,589
2016-03-18,3481,922,1565,589
2016-03-19,3486,925,1567,589
2016-03-20,3490,926,1569,590
2016-03-21,3493,926,1572,590
2016-03-22,3495,926,1573,591
2016-03-23,3498,927,1574,592
2016-03-24,3505,929,1577,594
2016-03-26,3509,929,1580,595
2016-03-27,3514,930,1583,595
2016-03-29,3517,930,1586,595
2016-03-30,3520,930,1588,596
2016-03-31,3524,934,1588,596
2016-04-01,3526,934,1588,598
2016-04-02,3527,935,1588,598
2016-04-03,3531,935,1592,598
2016-04-04,3532,935,1592,599
2016-04-05,3534,936,1593,599
2016-04-06,3538,937,1595,600
2016-04-07,3540,937,1596,601
2016-04-08,3543,939,1597,601
2016-04-09,3545,941,1597,601
2016-04-10,3549,941,1599,603
2016-04-11,3551,942,1599,604
2016-04-12,3554,942,1601,605
2016-04-13,3557,943,1603,605
2016-04-14,3558,943,1604,605
2016-04-15,3562,944,1606,606
2016-04-16,3563,944,1607,606
2016-04-17,3568,948,1608,606
2016-04-18,3570,950,1608,606
2016-04-19,3573,951,1609,606
2016-04-20,3575,951,1611,606
2016-04-21,3577,951,1612,607
2016-04-22,3579,951,1614,607
2016-04-23,3585,954,1617,607
2016-04-24,3586,954,1618,607
2016-04-25,3587,954,1619,607
2016-04-26,3591,955,1622,607
2016-04-27,3594,955,1624,607
2016-04-28,3598,956,1626,608
2016-04-29,3599,956,1627,608
2016-04-30,3603,956,1630,609
2016-05-01,3606,958,1631,609
2016-05-02,3607,959,1631,609
2016-05-03,3608,959,1632,609
2016-05-04,3612,959,1635,609
2016-05-05,3615,961,1636,609
2016-05-06,3616,962,1636,609
2016-05-07,3619,963,1637,609
2016-05-08,3621,964,1638,609
2016-05-09,3627,966,1641,609
2016-05-10,3629,967,1642,609
2016-05-11,3633,968,1644,609
2016-05-13,3636,968,1645,611
2016-05-14,3640,968,1648,611
2016-05-15,3641,968,1649,611
2016-05-16,3643,969,1650,611
2016-05-17,3644,969,1651,611
2016-05-18,3647,969,1653,612
2016-05-19,3652,971,1654,614
2016-05-20,3653,972,1654,614
2016-05-21,3656,972,1656,614
2016-05-22,3660,974,1657,615
2016-05-23,3661,974,1657,615
2016-05-24,3664,974,1659,616
2016-05-25,3666,975,1660,616
2016-05-26,3673,976,1663,618
2016-05-27,3674,976,1664,618
2016-05-28,3678,978,1665,619
2016-05-29,3683,978,1669,620
2016-05-30,3685,979,1670,620
2016-05-31,3686,979,1671,620
2016-06-01,3689,980,1673,620
2016-06-02,3691,982,1673,620
2016-06-03,3694,982,1674,620
2016-06-04,3697,983,1676,620
2016-06-05,3699,983,1678,620
2016-06-06,3701,984,1678,621
2016-06-07,3705,985,1680,622
2016-06-08,3706,985,1680,623
2016-06-09,3712,987,1683,623
2016-06-10,3716,988,1684,625
2016-06-11,3718,989,1684,626
2016-06-12,3721,990,1685,626
2016-06-13,3726,992,1687,627
2016-06-14,3730,993,1688,629
2016-06-15,3732,993,1690,629
2016-06-16,3736,993,1692,631
2016-06-18,3739,994,1694,631
2016-06-19,3743,998,1694,631
2016-06-20,3745,999,1695,631
2016-06-21,3748,999,1697,632
2016-06-22,3755,1003,1699,633
2016-06-23,3758,1005,1699,634
2016-06-24,3763,1006,1701,636
2016-06-25,3767,1006,1703,638
2016-06-26,3771,1008,1704,639
2016-06-27,3776,1009,1708,639
2016-06-28,3778,1009,1708,639
2016-06-29,3782,1011,1710,639
2016-06-30,3785,1012,1711,640
2016-07-01,3790,1014,1714,640
2016-07-02,3793,1015,1715,641
2016-07-03,3796,1015,1716,643
2016-07-04,3801,1018,1717,644
2016-07-05,3805,1019,1719,645
2016-07-06,3809,1021,1720,646
2016-07-07,3813,1023,1721,647
2016-07-08,3814,1023,1722,647
2016-07-09,3816,1025,1722,647
2016-07-10,3817,1026,1722,647
2016-07-11,3822,1029,1723,648
2016-07-12,3824,1029,1725,648
2016-07-13,3827,1030,1727,648
2016-07-14,3829,1032,1727,648
2016-07-15,3830,1032,1728,648
2016-07-16,3833,1032,1731,648
2016-07-17,3838,1034,1733,648
2016-07-18,3839,1034,1734,648
2016-07-20,3841,1034,1735,649
2016-07-21,3843,1035,1735,649
2016-07-22,3844,1035,1736,649
2016-07-23,3847,1037,1736,650
2016-07-24,3849,1037,1737,650
2016-07-25,3852,1039,1738,650
2016-07-26,3856,1039,1740,652
2016-07-27,3862,1041,1743,653
2016-07-28,3868,1044,1743,656
2016-07-29,3870,1044,1745,656
2016-07-31,3873,1045,1746,657
2016-08-01,3878,1047,1748,658
2016-08-02,3883,1048,1752,658
2016-08-03,3886,1048,1755,658
2016-08-04,3887,1048,1755,659
2016-08-05,3892,1049,1758,660
2016-08-07,3894,1051,1758,660
2016-08-08,3899,1052,1761,661
2016-08-09,3903,1052,1764,662
2016-08-10,3904,1052,1765,662
2016-08-11,3908,1052,1768,663
2016-08-12,3911,1052,1770,664
2016-08-13,3916,1054,1771,666
2016-08-15,3918,1054,1772,667
2016-08-16,3925,1056,1776,668
2016-08-17,3926,1057,1776,668
2016-08-18,3934,1057,1782,669
2016-08-19,3939,1057,1785,671
2016-08-20,3940,1057,1785,672
2016-08-21,3943,1059,1785,673
2016-08-22,3944,1060,1785,673
2016-08-23,3945,1060,1786,673
2016-08-24,3948,1060,1788,674
2016-08-25,3952,1061,1789,675
2016-08-26,3953,1061,1790,675
2016-08-27,3957,1062,1791,677
2016-08-28,3958,1062,1792,677
2016-08-29,3962,1063,1795,677
2016-08-30,3966,1064,1798,677
2016-08-31,3968,1064,1800,677
2016-09-01,3972,1064,1802,679
2016-09-02,3976,1065,1804,680
2016-09-03,3980,1066,1806,681
2016-09-04,3982,1066,1806,683
2016-09-05,3984,1067,1806,684
2016-09-06,3989,1068,1809,685
2016-09-07,3993,1070,1811,685
2016-09-08,3995,1070,1812,686
2016-09-09,3998,1071,1813,687
2016-09-10,4000,1071,1815,687
2016-09-11,4001,1072,1815,687
2016-09-12,4004,1073,1815,688
2016-09-14,4005,1074,1815,688
2016-09-15,4008,1074,1817,689
2016-09-16,4012,1075,1819,689
2016-09-17,4018,1078,1822,689
2016-09-18,4019,1079,1822,689
2016-09-19,4022,1079,1825,689
2016-09-20,4028,1080,1830,689
2016-09-21,4029,1080,1831,689
2016-09-23,4032,1081,1832,690
2016-09-25,4033,1081,1833,690
2016-09-26,4037,1081,1836,690
2016-09-27,4039,1082,1837,690
2016-09-28,4041,1083,1837,691
2016-09-29,4042,1083,1838,691
2016-09-30,4049,1088,1840,691
2016-10-01,4051,1089,1841,691
2016-10-02,4054,1090,1841,693
2016-10-03,4056,1090,1843,693
2016-10-04,4060,1090,1846,694
2016-10-05,4063,1090,1848,694
2016-10-06,4064,1090,1849,694
2016-10-07,4069,1092,1852,694
2016-10-08,4073,1092,1855,695
2016-10-09,4075,1093,1856,695
2016-10-10,4079,1093,1857,696
2016-10-11,4081,1093,1858,696
2016-10-12,4084,1094,1860,696
2016-10-13,4087,1094,1863,696
2016-10-14,4090,1094,1865,697
2016-10-15,4091,1094,1866,697
2016-10-16,4093,1094,1868,697
2016-10-17,4096,1094,1870,698
2016-10-18,4100,1096,1871,699
2016-10-19,4103,1096,1872,701
2016-10-20,4104,1096,1873,701
2016-10-21,4106,1096,1874,701
2016-10-22,4108,1096,1875,701
2016-10-23,4110,1097,1876,701
2016-10-24,4112,1098,1877,701
2016-10-25,4116,1099,1880,701
2016-10-26,4118,1100,1881,701
2016-10-27,4122,1102,1882,702
2016-10-28,4125,1103,1883,702
2016-10-29,4126,1103,1883,703
2016-10-30,4130,1104,1884,704
2016-10-31,4134,1105,1886,705
2016-11-01,4137,1106,1888,705
2016-11-02,4140,1106,1890,706
2016-11-03,4143,1107,1891,706
2016-11-04,4145,1107,1891,708
2016-11-05,4151,1108,1896,708
2016-11-06,4157,1108,1901,709
2016-11-07,4158,1109,1901,709
2016-11-08,4163,1110,1903,711
2016-11-09,4164,1110,1904,711
2016-11-10,4166,1110,1905,712
2016-11-11,4171,1111,1908,713
2016-11-12,4173,1111,1909,714
2016-11-13,4176,1111,1909,716
2016-11-15,4179,1112,1910,716
2016-11-16,4182,1112,1912,717
2016-11-18,4187,1116,1913,717
2016-11-19,4191,1117,1913,718
2016-11-20,4193,1117,1914,719
2016-11-21,4196,1118,1916,719
2016-11-22,4202,1122,1917,720
2016-11-23,4205,1123,1919,720
2016-11-24,4207,1123,1919,720
2016-11-25,4210,1125,1919,721
2016-11-26,4211,1125,1919,722
2016-11-27,4215,1127,1921,722
2016-11-28,4219,1130,1921,723
2016-11-29,4223,1130,1925,723
2016-11-30,4225,1131,1925,724
2016-12-01,4228,1132,1926,725
2016-12-02,4233,1133,1930,725
2016-12-03,4234,1133,1930,726
2016-12-04,4237,1134,1931,726
2016-12-06,4241,1134,1935,726
2016-12-07,4246,1136,1938,726
2016-12-08,4247,1136,1939,726
2016-12-09,4251,1136,1942,726
2016-12-10,4253,1137,1943,726
2016-12-11,4258,1137,1947,727
2016-12-12,4261,1138,1948,728
2016-12-13,4263,1140,1948,728
2016-12-15,4265,1141,1949,728
2016-12-16,4266,1141,1950,728
2016-12-17,4269,1141,1951,729
2016-12-18,4272,1142,1953,729
2016-12-19,4273,1142,1954,729
2016-12-20,4276,1142,1954,730
2016-12-21,4284,1143,1958,732
2016-12-22,4285,1144,1958,732
2016-12-23,4289,1144,1959,734
2016-12-24,4292,1145,1960,734
2016-12-25,4296,1146,1962,735
2016-12-27,4302,1146,1966,736
2016-12-28,4303,1146,1967,736
2016-12-29,4305,1147,1968,736
2016-12-30,4308,1148,1970,736
2016-12-31,4311,1148,1973,736
2017-01-01,4317,1151,1975,737
2017-01-02,4318,1151,1975,738
2017-01-03,4320,1152,1976,738
2017-01-04,4326,1154,1979,739
2017-01-05,4328,1154,1980,740
2017-01-06,4330,1155,1981,740
2017-01-07,4336,1155,1984,743
2017-01-08,4337,1155,1985,743
2017-01-09,4339,1157,1985,743
2017-01-10,4342,1158,1986,744
2017-01-11,4345,1158,1987,745
2017-01-12,4348,1158,1989,745
2017-01-13,4349,1158,1989,745
2017-01-14,4351,1159,1990,745
2017-01-15,4355,1160,1991,745
2017-01-16,4358,1161,1993,745
2017-01-17,4361,1161,1994,747
2017-01-18,4367,1163,1995,749
2017-01-19,4371,1163,1997,750
2017-01-20,4373,1164,1998,750
2017-01-21,4375,1165,1999,750
2017-01-22,4378,1166,2000,751
2017-01-23,4384,1167,2004,752
2017-01-24,4393,1169,2006,757
2017-01-25,4396,1170,2008,757
2017-01-26,4400,1171,2010,758
2017-01-27,4401,1171,2010,759
2017-01-28,4405,1172,2012,760
2017-01-29,4407,1172,2012,761
2017-01-30,4411,1173,2014,762
2017-01-31,4413,1174,2015,762
2017-02-01,4417,1177,2015,763
2017-02-02,4419,1177,2017,763
2017-02-03,4426,1178,2020,765
2017-02-04,4429,1179,2021,766
2017-02-05,4432,1181,2021,767
2017-02-06,4435,1183,2021,768
2017-02-07,4440,1184,2025,768
2017-02-08,4444,1185,2026,769
2017-02-09,4448,1186,2027,770
2017-02-10,4456,1189,2032,770
2017-02-11,4460,1190,2034,770
2017-02-12,4463,1191,2034,771
2017-02-13,4466,1192,2036,771
2017-02-14,4469,1192,2039,771
2017-02-15,4472,1193,2040,772
2017-02-16,4476,1195,2041,773
2017-02-17,4481,1196,2045,773
2017-02-18,4484,1198,2045,773
2017-02-19,4488,1199,2046,775
2017-02-20,4490,1199,2048,775
2017-02-21,4495,1200,2049,778
2017-02-22,4499,1202,2051,778
2017-02-23,4504,1204,2053,779
2017-02-24,4509,1205,2057,779
2017-02-25,4511,1206,2058,779
2017-02-26,4515,1206,2062,779
2017-02-27,4517,1206,2064,779
2017-02-28,4520,1208,2064,780
2017-03-01,4521,1209,2064,780
2017-03-02,4526,1209,2065,784
2017-03-03,4528,1209,2066,784
2017-03-04,4531,1209,2068,785
2017-03-06,4532,1209,2069,785
2017-03-07,4534,1210,2070,785
2017-03-08,4537,1210,2072,785
2017-03-09,4540,1210,2074,786
2017-03-10,4541,1210,2075,786
2017-03-11,4544,1212,2076,786
2017-03-12,4546,1212,2076,788
2017-03-13,4549,1214,2077,788
2017-03-14,4554,1214,2081,789
2017-03-15,4556,1215,2082,789
2017-03-16,4561,1219,2083,789
2017-03-17,4565,1220,2085,790
2017-03-18,4570,1220,2089,790
2017-03-19,4576,1222,2091,791
2017-03-20,4578,1223,2092,791
2017-03-21,4580,1223,2093,791
2017-03-22,4583,1224,2094,791
2017-03-23,4586,1226,2094,792
2017-03-24,4589,1227,2095,793
2017-03-25,4590,1227,2095,794
2017-03-26,4594,1227,2098,794
2017-03-27,4597,1227,2101,794
2017-03-28,4599,1227,2103,794
2017-03-29,4605,1228,2108,794
2017-03-30,4606,1228,2109,794
2017-04-01,4608,1229,2109,794
2017-04-03,4609,1229,2109,795
2017-04-04,4612,1229,2110,797
2017-04-05,4614,1229,2111,798
2017-04-06,4619,1232,2113,798
2017-04-07,4620,1232,2113,798
2017-04-08,4621,1232,2114,798
2017-04-09,4623,1232,2114,799
2017-04-10,4625,1233,2115,799
2017-04-12,4629,1235,2117,799
2017-04-13,4631,1235,2119,799
2017-04-14,4634,1235,2120,799
2017-04-15,4639,1237,2122,800
2017-04-16,4640,1237,2123,800
2017-04-18,4641,1237,2124,800
2017-04-19,4642,1238,2124,800
2017-04-20,4649,1239,2127,803
2017-04-21,4650,1239,2128,803
2017-04-22,4653,1240,2129,803
2017-04-23,4654,1240,2130,803
2017-04-24,4658,1242,2132,803
2017-04-25,4664,1244,2134,805
2017-04-26,4667,1245,2136,805
2017-04-27,4669,1246,2137,805
2017-04-28,4671,1247,2137,806
2017-04-29,4676,1250,2138,807
2017-04-30,4679,1251,2140,807
2017-05-01,4681,1251,2141,808
2017-05-02,4682,1252,2141,808
2017-05-03,4687,1253,2144,808
2017-05-04,4689,1253,2144,810
2017-05-05,4690,1254,2144,810
2017-05-06,4693,1254,2147,810
2017-05-07,4696,1256,2147,811
2017-05-08,4698,1257,2148,811
2017-05-09,4704,1258,2152,812
2017-05-10,4707,1260,2153,812
2017-05-11,4708,1260,2153,813
2017-05-12,4714,1261,2157,814
2017-05-13,4718,1263,2159,814
2017-05-14,4721,1264,2160,815
2017-05-15,4727,1266,2162,817
2017-05-16,4731,1267,2164,818
2017-05-17,4732,1268,2164,818
2017-05-18,4734,1269,2165,818
2017-05-19,4736,1270,2166,818
2017-05-20,4739,1271,2168,818
2017-05-21,4743,1273,2169,819
2017-05-22,4745,1274,2170,819
2017-05-23,4749,1274,2173,820
2017-05-24,4752,1274,2175,821
2017-05-25,4754,1275,2176,821
2017-05-26,4758,1277,2177,822
2017-05-27,4761,1277,2179,823
2017-05-28,4765,1278,2180,825
2017-05-29,4768,1278,2181,826
2017-05-31,4770,1278,2183,826
2017-06-01,4771,1278,2183,827
2017-06-02,4778,1281,2184,829
2017-06-03,4779,1281,2185,829
2017-06-04,4782,1281,2187,829
2017-06-05,4787,1283,2189,829
2017-06-06,4789,1283,2189,830
2017-06-07,4794,1283,2193,831
2017-06-08,4800,1284,2196,833
2017-06-09,4802,1285,2196,834
2017-06-10,4805,1285,2198,834
2017-06-11,4806,1285,2199,834
2017-06-12,4810,1286,2200,836
2017-06-13,4815,1289,2202,836
2017-06-14,4818,1289,2204,836
2017-06-15,4819,1289,2205,836
2017-06-16,4825,1290,2208,838
2017-06-17,4827,1290,2209,839
2017-06-18,4830,1291,2210,840
2017-06-19,4832,1291,2211,840
2017-06-20,4837,1291,2214,842
2017-06-21,4839,1291,2215,843
2017-06-22,4841,1291,2215,845
2017-06-23,4842,1291,2215,846
2017-06-24,4846,1292,2218,846
2017-06-25,4851,1294,2220,847
2017-06-27,4852,1294,2220,848
2017-06-28,4854,1295,2220,849
2017-06-29,4858,1297,2220,851
2017-06-30,4861,1297,2221,853
2017-07-01,4865,1298,2222,854
2017-07-02,4866,1298,2223,854
2017-07-03,4872,1300,2227,854
2017-07-04,4879,1301,2230,856
2017-07-05,4885,1302,2234,857
2017-07-06,4887,1303,2234,858
2017-07-07,4891,1306,2235,858
2017-07-08,4894,1307,2237,858
2017-07-09,4899,1309,2239,859
2017-07-10,4901,1309,2241,859
2017-07-11,4907,1310,2245,859
2017-07-12,4910,1310,2247,859
2017-07-13,4913,1310,2249,860
2017-07-15,4918,1311,2251,862
2017-07-16,4919,1311,2252,862
2017-07-17,4923,1312,2253,864
2017-07-18,4926,1312,2255,864
2017-07-19,4929,1312,2257,864
2017-07-20,4932,1313,2259,864
2017-07-21,4935,1313,2259,867
2017-07-23,4939,1313,2262,868
2017-07-24,4940,1313,2263,868
2017-07-25,4944,1314,2265,869
2017-07-26,4948,1315,2268,869
2017-07-27,4954,1316,2271,871
2017-07-28,4957,1317,2272,872
2017-07-29,4959,1318,2273,872
2017-07-31,4963,1320,2274,873
2017-08-01,4969,1322,2276,875
2017-08-02,4974,1325,2277,876
2017-08-03,4975,1325,2278,876
2017-08-04,4983,1327,2284,876
2017-08-05,4986,1328,2285,877
2017-08-06,4988,1329,2286,877
2017-08-07,4991,1329,2287,879
2017-08-08,4993,1330,2288,879
2017-08-09,4994,1331,2288,879
2017-08-10,4996,1331,2290,879
2017-08-11,4998,1332,2290,880
2017-08-12,4999,1332,2290,881
2017-08-13,5005,1334,2293,882
2017-08-14,5007,1334,2295,882
2017-08-15,5008,1335,2295,882
2017-08-16,5010,1336,2296,882
2017-08-17,5012,1336,2297,883
2017-08-18,5016,1337,2298,884
2017-08-19,5017,1337,2299,884
2017-08-20,5021,1338,2301,885
2017-08-21,5026,1339,2305,885
2017-08-22,5031,1340,2308,886
2017-08-23,5033,1340,2309,887
2017-08-24,5036,1341,2310,888
2017-08-25,5040,1343,2312,888
2017-08-26,5043,1345,2312,889
2017-08-27,5046,1345,2314,890
2017-08-28,5049,1347,2315,890
2017-08-29,5054,1349,2317,890
2017-08-30,5056,1349,2317,891
2017-08-31,5057,1349,2318,891
2017-09-01,5060,1349,2321,891
2017-09-02,5061,1349,2321,891
2017-09-03,5065,1351,2323,891
2017-09-04,5069,1352,2325,891
2017-09-05,5071,1352,2326,891
2017-09-06,5074,1353,2327,892
2017-09-07,5075,1354,2327,892
2017-09-08,5077,1354,2329,892
2017-09-09,5078,1355,2329,892
2017-09-10,5083,1355,2331,895
2017-09-11,5086,1355,2332,896
2017-09-13,5087,1355,2332,897
2017-09-14,5088,1355,2333,897
2017-09-15,5091,1355,2334,899
2017-09-16,5092,1355,2335,899
2017-09-17,5095,1356,2336,900
2017-09-18,5096,1356,2337,900
2017-09-19,5102,1356,2341,901
2017-09-20,5104,1358,2341,901
2017-09-21,5108,1358,2343,902
2017-09-22,5113,1358,2347,903
2017-09-23,5115,1358,2348,904
2017-09-24,5117,1359,2349,904
2017-09-25,5119,1360,2350,904
2017-09-26,5122,1360,2353,904
2017-09-27,5125,1361,2355,904
2017-09-28,5129,1364,2356,904
2017-09-30,5131,1365,2357,904
2017-10-01,5138,1366,2362,905
2017-10-02,5139,1367,2362,905
2017-10-03,5140,1367,2363,905
2017-10-04,5144,1369,2365,905
2017-10-05,5149,1369,2367,907
2017-10-06,5155,1369,2369,910
2017-10-07,5159,1369,2370,911
2017-10-08,5165,1371,2372,913
2017-10-10,5166,1371,2372,913
2017-10-11,5169,1371,2373,915
2017-10-12,5171,1372,2374,915
2017-10-13,5173,1373,2375,915
2017-10-14,5176,1373,2377,916
2017-10-16,5180,1374,2379,917
2017-10-17,5182,1375,2379,918
2017-10-18,5183,1375,2380,918
2017-10-19,5186,1375,2383,918
2017-10-20,5191,1378,2384,919
2017-10-21,5193,1378,2385,920
2017-10-22,5197,1378,2386,921
2017-10-23,5201,1379,2387,922
2017-10-24,5204,1379,2389,923
2017-10-25,5206,1381,2389,923
2017-10-26,5208,1381,2391,923
2017-10-27,5210,1382,2392,923
2017-10-28,5213,1382,2392,925
2017-10-29,5217,1384,2394,925
2017-10-30,5220,1386,2394,925
2017-10-31,5225,1388,2396,926
2017-11-01,5227,1388,2398,926
2017-11-02,5231,1388,2401,926
2017-11-03,5235,1388,2403,927
2017-11-04,5241,1390,2404,927
2017-11-05,5244,1391,2405,928
2017-11-06,5247,1391,2408,928
2017-11-07,5249,1392,2409,928
2017-11-08,5253,1392,2412,928
2017-11-09,5258,1393,2416,928
2017-11-10,5265,1396,2420,928
2017-11-11,5268,1397,2422,928
2017-11-12,5269,1397,2422,929
2017-11-13,5271,1399,2422,929
2017-11-14,5274,1400,2423,930
2017-11-15,5279,1401,2425,931
2017-11-16,5283,1402,2427,931
2017-11-17,5287,1403,2429,932
2017-11-18,5290,1404,2430,932
2017-11-19,5293,1404,2432,933
2017-11-20,5294,1404,2433,933
2017-11-23,5297,1406,2434,933
2017-11-24,5300,1406,2436,934
2017-11-25,5302,1407,2436,935
2017-11-26,5306,1407,2437,937
2017-11-27,5308,1407,2437,939
2017-11-28,5312,1407,2440,940
2017-11-29,5313,1407,2440,941
2017-11-30,5317,1408,2441,943
2017-12-01,5320,1410,2442,943
2017-12-02,5323,1410,2444,944
2017-12-03,5324,1410,2445,944
2017-12-04,5325,1410,2446,944
2017-12-05,5327,1411,2446,945
2017-12-06,5331,1413,2447,945
2017-12-07,5335,1414,2449,945
2017-12-08,5336,1414,2449,945
2017-12-09,5338,1414,2451,945
2017-12-10,5343,1415,2452,947
2017-12-11,5345,1415,2454,947
2017-12-12,5346,1415,2455,947
2017-12-13,5349,1415,2456,947
2017-12-14,5350,1416,2456,947
2017-12-15,5354,1416,2460,947
2017-12-17,5357,1417,2462,947
2017-12-18,5358,1418,2462,947
2017-12-19,5361,1419,2463,947
2017-12-20,5363,1419,2464,948
2017-12-21,5369,1419,2465,951
2017-12-22,5372,1419,2466,951
2017-12-23,5374,1419,2467,952
2017-12-24,5378,1419,2469,954
2017-12-25,5380,1419,2470,955
2017-12-26,5389,1420,2473,957
2017-12-27,5391,1421,2474,957
2017-12-28,5396,1423,2476,958
2017-12-29,5397,1424,2476,958
2017-12-30,5400,1424,2477,960
2017-12-31,5402,1424,2478,961
2018-01-01,5405,1424,2481,961
2018-01-02,5409,1424,2485,961
2018-01-03,5410,1425,2485,961
2018-01-04,5412,1425,2487,961
2018-01-05,5415,1426,2488,961
2018-01-06,5422,1427,2493,962
2018-01-07,5430,1430,2495,964
2018-01-08,5435,1431,2497,965
2018-01-09,5436,1431,2497,965
2018-01-10,5437,1432,2497,965
2018-01-11,5441,1433,2499,966
2018-01-12,5448,1435,2503,967
2018-01-13,5449,1436,2503,967
2018-01-14,5450,1436,2503,968
2018-01-15,5452,1437,2503,969
2018-01-16,5457,1438,2506,970
2018-01-17,5463,1442,2507,971
2018-01-18,5465,1443,2508,971
2018-01-20,5470,1444,2512,971
2018-01-21,5472,1444,2514,971
2018-01-22,5480,1444,2519,973
2018-01-23,5484,1446,2520,974
2018-01-24,5487,1446,2521,975
2018-01-25,5490,1446,2522,977
2018-01-26,5495,1447,2525,978
2018-01-27,5498,1449,2526,978
2018-01-28,5502,1450,2529,978
2018-01-29,5505,1452,2529,979
2018-01-30,5506,1452,2530,979
2018-01-31,5508,1452,2530,981
2018-02-01,5517,1455,2535,981
2018-02-02,5520,1456,2536,981
2018-02-03,5522,1456,2537,981
2018-02-04,5523,1457,2537,981
2018-02-05,5526,1457,2539,982
2018-02-06,5529,1457,2540,984
2018-02-07,5531,1457,2541,984
2018-02-08,5532,1457,2542,984
2018-02-09,5536,1459,2543,985
2018-02-10,5541,1460,2547,985
2018-02-11,5543,1461,2548,985
2018-02-12,5545,1462,2549,985
2018-02-13,5549,1463,2550,985
2018-02-14,5553,1464,2552,985
2018-02-15,5557,1464,2554,986
2018-02-16,5559,1464,2556,986
2018-02-17,5564,1466,2558,987
2018-02-18,5566,1466,2558,989
2018-02-19,5570,1467,2558,990
2018-02-21,5576,1472,2559,990
2018-02-22,5579,1473,2561,990
2018-02-23,5581,1474,2562,990
2018-02-24,5582,1474,2563,990
2018-02-25,5586,1475,2564,992
2018-02-26,5592,1476,2569,992
2018-02-27,5595,1477,2571,992
2018-02-28,5597,1478,2571,993
2018-03-01,5599,1479,2571,994
2018-03-02,5606,1480,2575,995
2018-03-03,5609,1481,2575,996
2018-03-04,5610,1481,2575,997
2018-03-05,5617,1483,2580,997
2018-03-06,5624,1484,2584,998
2018-03-07,5627,1484,2586,999
2018-03-08,5631,1485,2586,999
2018-03-09,5634,1485,2588,1000
2018-03-10,5636,1486,2588,1001
2018-03-11,5640,1486,2591,1002
2018-03-12,5647,1489,2595,1002
2018-03-13,5648,1489,2596,1002
2018-03-14,5651,1490,2597,1002
2018-03-15,5652,1491,2597,1002
2018-03-16,5657,1492,2600,1002
2018-03-17,5658,1492,2600,1003
2018-03-18,5661,1493,2600,1004
2018-03-19,5666,1495,2601,1004
2018-03-20,5670,1495,2605,1004
2018-03-21,5675,1495,2607,1005
2018-03-22,5677,1496,2607,1006
2018-03-23,5685,1497,2610,1008
2018-03-24,5688,1497,2612,1008
2018-03-25,5689,1497,2612,1009
2018-03-26,5690,1497,2613,1009
2018-03-27,5695,1498,2616,1010
2018-03-28,5702,1498,2622,1010
2018-03-29,5707,1500,2625,1010
2018-03-30,5709,1501,2626,1010
2018-03-31,5712,1501,2627,1011
2018-04-01,5720,1505,2629,1013
2018-04-03,5722,1505,2630,1014
2018-04-04,5730,1508,2634,1014
2018-04-05,5738,1509,2637,1016
2018-04-06,5740,1509,2638,1016
2018-04-07,5742,1509,2640,1016
2018-04-08,5746,1511,2641,1017
2018-04-09,5752,1511,2644,1019
2018-04-10,5756,1512,2646,1019
2018-04-11,5761,1513,2650,1019
2018-04-12,5767,1516,2651,1019
2018-04-13,5770,1516,2654,1019
2018-04-14,5774,1517,2655,1021
2018-04-15,5775,1517,2655,1021
2018-04-17,5779,1519,2657,1021
2018-04-18,5784,1521,2659,1021
2018-04-20,5787,1522,2661,1021
2018-04-21,5790,1523,2662,1021
2018-04-22,5792,1523,2663,1022
2018-04-23,5793,1524,2663,1022
2018-04-24,5796,1525,2663,1023
2018-04-25,5800,1526,2666,1023
2018-04-26,5802,1526,2667,1023
2018-04-28,5807,1527,2669,1024
2018-04-29,5810,1527,2672,1024
2018-04-30,5812,1528,2673,1024
2018-05-01,5815,1528,2674,1024
2018-05-02,5820,1530,2676,1025
2018-05-03,5822,1530,2677,1026
2018-05-04,5824,1530,2678,1026
2018-05-05,5828,1530,2680,1026
2018-05-06,5833,1531,2683,1027
2018-05-07,5840,1531,2687,1029
2018-05-08,5845,1531,2689,1030
2018-05-09,5846,1532,2689,1030
2018-05-10,5848,1532,2691,1030
2018-05-11,5853,1532,2694,1030
2018-05-12,5854,1532,2695,1030
2018-05-13,5859,1533,2696,1030
2018-05-14,5865,1535,2699,1031
2018-05-15,5866,1535,2700,1031
2018-05-16,5867,1535,2701,1031
2018-05-17,5868,1535,2702,1031
2018-05-18,5871,1535,2703,1032
2018-05-19,5873,1535,2704,1033
2018-05-20,5875,1535,2706,1033
2018-05-21,5879,1536,2709,1033
2018-05-22,5880,1536,2709,1034
2018-05-23,5884,1537,2711,1035
2018-05-24,5887,1537,2714,1035
2018-05-25,5891,1537,2715,1037
2018-05-26,5892,1537,2716,1037
2018-05-27,5895,1537,2717,1038
2018-05-28,5896,1537,2718,1038
2018-05-29,5899,1537,2719,1039
2018-05-30,5901,1538,2719,1040
2018-05-31,5904,1539,2720,1041
2018-06-01,5907,1539,2720,1043
2018-06-02,5909,1541,2720,1043
2018-06-03,5912,1541,2720,1045
2018-06-04,5914,1541,2722,1045
2018-06-05,5915,1541,2722,1046
2018-06-06,5920,1542,2725,1047
2018-06-07,5924,1543,2728,1047
2018-06-08,5926,1543,2730,1047
2018-06-09,5929,1544,2731,1048
2018-06-10,5930,1544,2732,1048
2018-06-11,5932,1545,2732,1049
2018-06-12,5937,1548,2734,1049
2018-06-13,5942,1549,2737,1049
2018-06-14,5949,1551,2739,1051
2018-06-15,5950,1551,2740,1051
2018-06-16,5956,1552,2741,1053
2018-06-17,5958,1553,2741,1054
2018-06-18,5959,1553,2742,1054
2018-06-19,5963,1555,2744,1054
2018-06-20,5966,1556,2745,1054
2018-06-22,5971,1557,2748,1054
2018-06-23,5978,1559,2750,1054
2018-06-25,5982,1559,2752,1055
2018-06-27,5983,1560,2752,1055
2018-06-28,5988,1560,2757,1055
2018-06-29,5995,1563,2760,1056
2018-07-01,5999,1563,2762,1056
2018-07-03,6003,1565,2763,1056
2018-07-04,6006,1565,2764,1056
2018-07-05,6011,1565,2767,1057
2018-07-06,6013,1566,2767,1057
2018-07-07,6016,1566,2769,1057
2018-07-08,6019,1566,2771,1057
2018-07-10,6022,1566,2774,1057
2018-07-11,6025,1566,2775,1059
2018-07-12,6026,1566,2776,1059
2018-07-13,6030,1566,2778,1061
2018-07-14,6035,1569,2779,1062
2018-07-15,6037,1570,2779,1063
2018-07-17,6041,1570,2781,1065
2018-07-18,6044,1570,2783,1066
2018-07-19,6047,1570,2784,1068
2018-07-20,6051,1570,2786,1069
2018-07-21,6057,1570,2788,1073
2018-07-22,6061,1570,2790,1075
2018-07-23,6064,1570,2791,1077
2018-07-24,6067,1571,2793,1077
2018-07-25,6072,1572,2796,1078
2018-07-26,6079,1573,2798,1080
2018-07-27,6082,1575,2798,1081
2018-07-28,6087,1575,2800,1082
2018-07-30,6089,1576,2801,1082
2018-07-31,6091,1576,2803,1082
2018-08-01,6095,1578,2803,1083
2018-08-02,6099,1579,2804,1084
2018-08-03,6106,1580,2808,1085
2018-08-04,6109,1580,2810,1085
2018-08-05,6112,1580,2811,1085
2018-08-06,6117,1583,2811,1085
2018-08-07,6121,1583,2813,1087
2018-08-08,6126,1586,2815,1087
2018-08-09,6130,1590,2815,1087
2018-08-10,6131,1590,2816,1087
2018-08-11,6132,1590,2816,1087
2018-08-12,6136,1591,2817,1088
2018-08-13,6140,1593,2817,1088
2018-08-14,6142,1593,2818,1089
2018-08-15,6143,1593,2819,1089
2018-08-16,6146,1594,2819,1091
2018-08-17,6148,1595,2819,1092
2018-08-18,6151,1595,2820,1094
2018-08-19,6155,1597,2821,1094
2018-08-20,6158,1598,2822,1094
2018-08-23,6163,1598,2823,1095
2018-08-24,6168,1600,2824,1096
2018-08-25,6174,1600,2827,1096
2018-08-26,6176,1600,2828,1097
2018-08-27,6183,1600,2832,1097
2018-08-28,6186,1601,2833,1098
2018-08-29,6188,1602,2834,1098
2018-08-30,6190,1602,2835,1099
2018-08-31,6193,1602,2838,1099
2018-09-01,6194,1603,2838,1099
2018-09-03,6198,1604,2840,1100
2018-09-04,6199,1604,2841,1100
2018-09-05,6202,1605,2843,1100
2018-09-06,6207,1607,2845,1101
2018-09-07,6210,1608,2846,1101
2018-09-08,6211,1608,2846,1101
2018-09-09,6214,1610,2846,1101
2018-09-10,6216,1610,2847,1101
2018-09-11,6217,1610,2848,1101
2018-09-12,6220,1611,2849,1102
2018-09-13,6222,1611,2850,1102
2018-09-14,6229,1614,2851,1104
2018-09-15,6234,1615,2853,1105
2018-09-16,6239,1616,2855,1106
2018-09-17,6242,1616,2857,1107
2018-09-18,6246,1616,2860,1107
2018-09-19,6252,1616,2862,1109
2018-09-20,6255,1616,2864,1110
2018-09-22,6256,1616,2865,1110
2018-09-23,6260,1617,2866,1110
2018-09-24,6263,1617,2868,1111
2018-09-25,6266,1619,2868,1112
2018-09-26,6267,1620,2868,1112
2018-09-27,6273,1621,2870,1114
2018-09-28,6275,1622,2871,1114
2018-09-29,6278,1622,2874,1114
2018-09-30,6280,1623,2875,1114
2018-10-01,6283,1623,2877,1114
2018-10-02,6285,1624,2878,1114
2018-10-03,6288,1626,2879,1114
2018-10-04,6289,1627,2879,1114
2018-10-05,6292,1628,2880,1114
2018-10-07,6295,1628,2882,1114
2018-10-08,6299,1628,2885,1115
2018-10-10,6307,1630,2889,1115
2018-10-11,6309,1631,2889,1115
2018-10-12,6314,1631,2891,1115
2018-10-13,6315,1632,2891,1115
2018-10-14,6320,1633,2892,1116
2018-10-15,6321,1633,2892,1117
2018-10-16,6322,1633,2892,1117
2018-10-17,6327,1635,2894,1117
2018-10-18,6333,1637,2897,1117
2018-10-19,6336,1638,2898,1117
2018-10-20,6339,1638,2901,1117
2018-10-21,6341,1639,2901,1117
2018-10-22,6345,1640,2903,1118
2018-10-23,6348,1640,2906,1118
2018-10-24,6350,1640,2907,1118
2018-10-25,6351,1641,2907,1118
2018-10-27,6353,1642,2907,1118
2018-10-29,6359,1644,2909,1119
2018-10-31,6362,1644,2910,1121
2018-11-01,6363,1645,2910,1121
2018-11-02,6365,1646,2911,1121
2018-11-03,6368,1647,2911,1121
2018-11-04,6372,1648,2912,1123
2018-11-05,6376,1648,2915,1123
2018-11-06,6378,1648,2915,1123
2018-11-07,6379,1648,2915,1123
2018-11-08,6380,1648,2915,1124
2018-11-09,6384,1649,2918,1124
2018-11-10,6385,1650,2918,1124
2018-11-11,6388,1651,2919,1125
2018-11-12,6394,1652,2921,1127
2018-11-13,6396,1653,2921,1128
2018-11-14,6401,1654,2923,1129
2018-11-15,6406,1656,2925,1130
2018-11-16,6407,1656,2925,1130
2018-11-17,6408,1657,2925,1130
2018-11-18,6409,1657,2926,1130
2018-11-19,6411,1657,2928,1130
2018-11-20,6413,1658,2928,1130
2018-11-21,6420,1659,2932,1131
2018-11-22,6424,1660,2934,1131
2018-11-23,6426,1661,2935,1131
2018-11-24,6427,1661,2935,1132
2018-11-25,6428,1661,2936,1132
2018-11-26,6430,1661,2937,1132
2018-11-27,6434,1662,2939,1132
2018-11-28,6440,1662,2940,1133
2018-11-29,6445,1662,2941,1137
2018-11-30,6447,1662,2941,1138
2018-12-01,6451,1665,2942,1138
2018-12-02,6453,1665,2942,1139
2018-12-04,6454,1665,2942,1140
2018-12-05,6461,1667,2944,1142
2018-12-06,6465,1668,2946,1142
2018-12-07,6468,1669,2946,1144
2018-12-08,6470,1670,2947,1144
2018-12-09,6476,1671,2950,1144
2018-12-10,6479,1671,2953,1144
2018-12-11,6485,1673,2955,1144
2018-12-12,6489,1674,2957,1145
2018-12-13,6494,1675,2957,1146
2018-12-14,6496,1675,2957,1146
2018-12-15,6498,1675,2957,1147
2018-12-16,6503,1676,2960,1147
2018-12-17,6506,1677,2961,1148
2018-12-18,6510,1679,2963,1148
2018-12-19,6516,1679,2967,1148
2018-12-20,6519,1679,2969,1148
2018-12-21,6521,1679,2969,1149
2018-12-23,6523,1679,2969,1150
2018-12-24,6524,1679,2969,1151
2018-12-25,6526,1679,2969,1153
2018-12-26,6529,1681,2970,1153
2018-12-27,6530,1681,2971,1153
2018-12-28,6535,1682,2975,1153
2018-12-29,6539,1682,2977,1153
2018-12-30,6541,1683,2978,1153
2018-12-31,6547,1683,2979,1154
2019-01-01,6549,1684,2980,1154
2019-01-02,6552,1686,2981,1154
2019-01-03,6558,1687,2984,1156
2019-01-04,6562,1689,2986,1156
2019-01-05,6568,1689,2988,1158
2019-01-06,6572,1691,2988,1158
2019-01-07,6578,1692,2990,1160
2019-01-08,6580,1692,2990,1160
2019-01-10,6583,1693,2991,1160
2019-01-11,6588,1696,2991,1161
2019-01-12,6591,1696,2993,1162
2019-01-13,6596,1697,2994,1164
2019-01-14,6603,1700,2995,1166
2019-01-15,6608,1703,2996,1167
2019-01-16,6616,1705,3001,1167
2019-01-18,6617,1705,3002,1167
2019-01-19,6620,1705,3005,1167
2019-01-20,6622,1705,3006,1168
2019-01-21,6624,1705,3006,1169
2019-01-22,6625,1706,3006,1169
2019-01-23,6630,1707,3008,1170
2019-01-24,6633,1707,3009,1172
2019-01-25,6637,1707,3011,1172
2019-01-27,6638,1707,3011,1172
2019-01-28,6647,1710,3016,1172
2019-01-29,6649,1710,3016,1173
2019-01-30,6651,1710,3018,1173
2019-01-31,6652,1710,3018,1173
2019-02-01,6653,1710,3018,1174
2019-02-02,6655,1712,3018,1174
2019-02-03,6658,1712,3020,1175
2019-02-04,6661,1713,3022,1175
2019-02-05,6662,1714,3022,1175
2019-02-06,6665,1716,3023,1175
2019-02-07,6672,1716,3028,1176
2019-02-08,6675,1717,3030,1176
2019-02-09,6679,1718,3032,1177
2019-02-10,6681,1719,3033,1177
2019-02-11,6685,1720,3034,1178
2019-02-12,6691,1723,3037,1178
2019-02-13,6693,1723,3039,1178
2019-02-14,6698,1725,3041,1179
2019-02-15,6699,1726,3041,1179
2019-02-16,6701,1727,3041,1179
2019-02-17,6705,1728,3041,1180
2019-02-18,6707,1729,3041,1180
2019-02-19,6710,1730,3042,1180
2019-02-20,6712,1731,3043,1180
2019-02-22,6716,1732,3044,1181
2019-02-23,6721,1732,3048,1182
2019-02-24,6722,1732,3049,1182
2019-02-25,6724,1732,3051,1182
2019-02-26,6727,1732,3054,1182
2019-02-27,6730,1733,3055,1182
2019-02-28,6732,1733,3056,1183
2019-03-01,6736,1733,3056,1185
2019-03-02,6740,1733,3059,1185
2019-03-03,6741,1733,3059,1185
2019-03-04,6746,1735,3060,1187
2019-03-05,6752,1736,3062,1188
2019-03-06,6753,1737,3062,1188
2019-03-07,6756,1737,3064,1189
2019-03-08,6757,1737,3065,1189
2019-03-09,6763,1738,3069,1189
2019-03-10,6765,1738,3070,1189
2019-03-11,6769,1738,3072,1190
2019-03-12,6772,1739,3074,1190
2019-03-13,6776,1741,3074,1192
2019-03-14,6782,1741,3077,1192
2019-03-15,6785,1743,3078,1192
2019-03-16,6787,1743,3078,1192
2019-03-17,6789,1743,3079,1193
2019-03-18,6790,1743,3080,1193
2019-03-19,6794,1744,3081,1195
2019-03-20,6797,1745,3082,1196
2019-03-21,6799,1746,3082,1196
2019-03-22,6801,1747,3083,1196
2019-03-24,6802,1747,3084,1196
2019-03-25,6807,1750,3085,1197
2019-03-27,6815,1753,3088,1198
2019-03-28,6817,1753,3088,1199
2019-03-30,6820,1755,3089,1199
2019-03-31,6824,1756,3090,1200
2019-04-01,6828,1758,3092,1200
2019-04-02,6829,1758,3093,1200
2019-04-03,6833,1758,3095,1202
2019-04-04,6835,1758,3096,1203
2019-04-05,6836,1758,3096,1203
2019-04-06,6840,1758,3097,1206
2019-04-07,6841,1759,3097,1206
2019-04-08,6844,1761,3098,1206
2019-04-09,6847,1762,3100,1206
2019-04-10,6851,1763,3102,1207
2019-04-11,6857,1765,3103,1209
2019-04-12,6860,1767,3103,1210
2019-04-13,6861,1768,3103,1210
2019-04-14,6867,1769,3106,1210
2019-04-15,6868,1769,3107,1210
2019-04-16,6870,1769,3109,1210
2019-04-17,6874,1770,3112,1210
2019-04-18,6877,1770,3113,1211
2019-04-20,6882,1770,3115,1214
2019-04-22,6885,1770,3115,1216
2019-04-24,6888,1770,3118,1216
2019-04-25,6890,1770,3120,1216
2019-04-26,6893,1771,3120,1217
2019-04-27,6894,1771,3120,1217
2019-04-28,6897,1771,3120,1219
2019-04-29,6902,1772,3122,1220
2019-04-30,6905,1772,3123,1221
2019-05-01,6909,1772,3124,1223
2019-05-02,6912,1772,3125,1224
2019-05-04,6917,1772,3129,1224
2019-05-05,6918,1772,3129,1225
2019-05-06,6920,1772,3129,1227
2019-05-07,6923,1772,3130,1229
2019-05-08,6924,1772,3131,1229
2019-05-09,6927,1772,3131,1231
2019-05-10,6928,1773,3131,1231
2019-05-11,6934,1775,3133,1232
2019-05-13,6937,1777,3134,1232
2019-05-14,6938,1777,3135,1232
2019-05-15,6941,1779,3135,1233
2019-05-16,6942,1779,3135,1234
2019-05-17,6946,1781,3136,1235
2019-05-18,6949,1781,3136,1236
2019-05-19,6953,1782,3136,1239
2019-05-20,6958,1784,3138,1240
2019-05-21,6962,1784,3139,1242
2019-05-22,6967,1786,3141,1242
2019-05-23,6970,1786,3144,1242
2019-05-24,6973,1786,3146,1243
2019-05-26,6975,1787,3146,1243
2019-05-27,6977,1788,3147,1243
2019-05-28,6978,1789,3147,1243
2019-05-29,6980,1789,3148,1244
2019-05-30,6983,1790,3149,1244
2019-05-31,6988,1791,3151,1245
2019-06-01,6992,1792,3153,1245
2019-06-02,6993,1793,3153,1245
2019-06-03,6997,1795,3155,1245
2019-06-04,6998,1795,3156,1245
2019-06-05,7003,1795,3159,1246
2019-06-06,7010,1798,3160,1249
2019-06-07,7011,1798,3161,1249
2019-06-08,7014,1799,3162,1250
2019-06-09,7019,1800,3164,1251
2019-06-10,7023,1802,3166,1251
2019-06-11,7030,1803,3169,1253
2019-06-12,7032,1804,3169,1254
2019-06-13,7034,1806,3169,1254
2019-06-14,7037,1807,3170,1254
2019-06-15,7045,1811,3172,1256
2019-06-16,7047,1812,3172,1257
2019-06-17,7050,1812,3173,1259
2019-06-18,7053,1813,3173,1260
2019-06-20,7055,1813,3173,1261
2019-06-22,7057,1813,3174,1262
2019-06-23,7058,1813,3175,1262
2019-06-24,7061,1814,3177,1262
2019-06-25,7064,1814,3178,1263
2019-06-26,7066,1815,3179,1263
2019-06-27,7073,1816,3183,1265
2019-06-28,7080,1818,3187,1265
2019-06-29,7081,1818,3188,1265
2019-07-01,7087,1819,3190,1266
2019-07-02,7091,1821,3191,1267
2019-07-03,7096,1821,3193,1268
2019-07-04,7098,1821,3193,1270
2019-07-05,7104,1822,3196,1272
2019-07-06,7106,1823,3197,1272
2019-07-07,7110,1823,3199,1272
2019-07-08,7111,1823,3199,1272
2019-07-09,7117,1824,3201,1273
2019-07-10,7121,1825,3204,1273
2019-07-13,7126,1826,3206,1274
2019-07-14,7129,1828,3207,1274
2019-07-15,7134,1829,3208,1274
2019-07-16,7138,1829,3208,1275
2019-07-17,7144,1833,3209,1276
2019-07-18,7148,1834,3209,1277
2019-07-19,7149,1834,3209,1277
2019-07-20,7150,1834,3209,1278
2019-07-21,7152,1835,3210,1278
2019-07-22,7154,1836,3211,1278
2019-07-23,7158,1837,3214,1278
2019-07-25,7160,1838,3215,1278
2019-07-26,7163,1839,3217,1278
2019-07-27,7164,1840,3217,1278
2019-07-28,7166,1841,3217,1279
2019-07-29,7167,1842,3217,1279
2019-07-30,7168,1842,3218,1279
2019-07-31,7173,1842,3220,1280
2019-08-01,7179,1843,3223,1280
2019-08-02,7182,1845,3223,1280
2019-08-03,7186,1846,3224,1280
2019-08-04,7190,1846,3226,1282
2019-08-05,7196,1847,3229,1283
2019-08-06,7198,1847,3231,1283
2019-08-07,7200,1848,3232,1283
2019-08-08,7204,1850,3233,1283
2019-08-09,7208,1850,3233,1285
2019-08-10,7210,1850,3234,1285
2019-08-11,7212,1850,3235,1285
2019-08-12,7214,1850,3237,1285
2019-08-13,7220,1852,3241,1285
2019-08-14,7222,1852,3241,1285
2019-08-15,7224,1852,3241,1286
2019-08-16,7226,1852,3241,1287
2019-08-17,7230,1855,3242,1287
2019-08-18,7233,1855,3242,1289
2019-08-19,7236,1855,3242,1291
2019-08-21,7240,1856,3243,1292
2019-08-22,7247,1857,3247,1292
2019-08-23,7249,1857,3249,1292
2019-08-24,7251,1857,3250,1292
2019-08-25,7252,1857,3251,1292
2019-08-26,7254,1858,3251,1292
2019-08-27,7259,1861,3251,1292
2019-08-28,7262,1863,3252,1292
2019-08-29,7263,1863,3252,1292
2019-08-30,7268,1863,3252,1295
2019-08-31,7274,1865,3253,1296
2019-09-01,7277,1865,3256,1296
2019-09-02,7280,1865,3257,1296
2019-09-03,7283,1865,3259,1297
2019-09-04,7286,1865,3260,1297
2019-09-05,7290,1867,3261,1297
2019-09-06,7291,1868,3261,1297
2019-09-07,7293,1868,3262,1298
2019-09-08,7295,1869,3262,1298
2019-09-09,7298,1870,3263,1299
2019-09-10,7299,1871,3263,1299
2019-09-11,7301,1872,3264,1299
2019-09-12,7305,1874,3265,1300
2019-09-13,7307,1874,3266,1300
2019-09-14,7311,1876,3266,1301
2019-09-15,7314,1877,3267,1302
2019-09-16,7320,1879,3270,1302
2019-09-17,7324,1880,3272,1303
2019-09-18,7329,1882,3275,1303
2019-09-19,7333,1885,3275,1303
2019-09-20,7336,1885,3276,1304
2019-09-21,7338,1885,3277,1304
2019-09-22,7340,1885,3279,1304
2019-09-23,7342,1885,3279,1305
2019-09-24,7345,1886,3279,1305
2019-09-25,7348,1886,3282,1305
2019-09-26,7351,1888,3282,1305
2019-09-27,7352,1888,3283,1305
2019-09-29,7360,1890,3287,1305
2019-09-30,7362,1890,3288,1306
2019-10-01,7365,1890,3291,1306
2019-10-03,7366,1890,3291,1306
2019-10-04,7367,1890,3292,1306
2019-10-05,7369,1890,3294,1306
2019-10-06,7372,1891,3294,1307
2019-10-07,7374,1891,3295,1307
2019-10-08,7378,1892,3298,1307
2019-10-09,7380,1893,3299,1307
2019-10-10,7383,1894,3301,1307
2019-10-11,7387,1894,3302,1308
2019-10-12,7390,1896,3302,1308
2019-10-13,7393,1896,3302,1311
2019-10-14,7397,1898,3303,1312
2019-10-15,7402,1900,3306,1312
2019-10-16,7404,1901,3307,1312
2019-10-17,7408,1904,3308,1312
2019-10-18,7411,1904,3310,1312
2019-10-19,7414,1904,3311,1313
2019-10-20,7417,1905,3313,1313
2019-10-21,7422,1906,3315,1314
2019-10-22,7423,1906,3315,1314
2019-10-23,7430,1907,3319,1315
2019-10-24,7431,1907,3320,1315
2019-10-25,7438,1908,3323,1316
2019-10-26,7441,1908,3324,1316
2019-10-27,7446,1910,3325,1318
2019-10-28,7447,1910,3326,1318
2019-10-30,7451,1911,3328,1318
2019-10-31,7454,1911,3330,1318
2019-11-01,7459,1911,3331,1322
2019-11-02,7460,1911,3332,1322
2019-11-03,7462,1912,3333,1322
2019-11-04,7466,1912,3335,1324
2019-11-05,7470,1913,3337,1324
2019-11-06,7474,1915,3338,1325
2019-11-07,7478,1916,3341,1325
2019-11-08,7479,1916,3342,1325
2019-11-09,7482,1916,3343,1325
2019-11-10,7485,1917,3345,1325
2019-11-11,7489,1917,3348,1325
2019-11-12,7491,1917,3349,1325
2019-11-13,7494,1918,3350,1326
2019-11-14,7497,1918,3353,1326
2019-11-15,7500,1920,3353,1326
2019-11-16,7503,1920,3355,1326
2019-11-18,7505,1921,3356,1326
2019-11-19,7511,1922,3358,1329
2019-11-20,7515,1923,3361,1329
2019-11-22,7516,1924,3361,1329
2019-11-23,7518,1925,3361,1330
2019-11-24,7519,1925,3362,1330
2019-11-25,7522,1926,3364,1330
2019-11-26,7524,1926,3366,1330
2019-11-27,7527,1927,3368,1330
2019-11-28,7530,1928,3369,1331
2019-11-29,7535,1928,3373,1331
2019-11-30,7536,1928,3373,1332
2019-12-01,7542,1929,3377,1333
2019-12-02,7546,1931,3377,1333
2019-12-03,7549,1933,3378,1333
2019-12-05,7556,1937,3380,1334
2019-12-06,7558,1938,3381,1334
2019-12-07,7560,1938,3383,1334
2019-12-08,7561,1938,3384,1334
2019-12-09,7562,1939,3384,1334
2019-12-10,7571,1943,3388,1335
2019-12-11,7572,1943,3389,1335
2019-12-12,7579,1946,3392,1335
2019-12-14,7583,1948,3393,1336
2019-12-15,7587,1948,3394,1337
2019-12-16,7590,1948,3395,1338
2019-12-17,7595,1948,3398,1338
2019-12-18,7596,1948,3398,1338
2019-12-19,7603,1951,3402,1338
2019-12-20,7605,1952,3403,1338
2019-12-21,7609,1952,3407,1338
2019-12-22,7612,1954,3407,1338
2019-12-23,7615,1954,3408,1340
2019-12-24,7618,1955,3409,1340
2019-12-25,7620,1956,3410,1340
2019-12-26,7622,1957,3410,1341
2019-12-27,7626,1957,3413,1342
2019-12-28,7631,1957,3417,1343
2019-12-29,7636,1957,3419,1344
2019-12-30,7639,1958,3421,1344
2019-12-31,7646,1961,3423,1344
2020-01-01,7650,1961,3425,1345
2020-01-02,7656,1962,3427,1347
2020-01-04,7658,1964,3427,1347
2020-01-05,7664,1967,3429,1348
2020-01-06,7668,1967,3429,1350
2020-01-07,7670,1967,3431,1350
2020-01-08,7673,1967,3432,1350
2020-01-09,7679,1969,3434,1351
2020-01-10,7680,1969,3434,1351
2020-01-11,7685,1971,3436,1352
2020-01-12,7686,1971,3437,1352
2020-01-13,7688,1972,3438,1352
2020-01-14,7689,1972,3438,1353
2020-01-15,7694,1975,3440,1353
2020-01-16,7698,1975,3443,1353
2020-01-17,7699,1976,3443,1353
2020-01-19,7702,1977,3445,1353
2020-01-20,7706,1977,3448,1354
2020-01-21,7712,1980,3450,1354
2020-01-22,7715,1980,3451,1356
2020-01-23,7721,1984,3453,1356
2020-01-24,7724,1984,3455,1357
2020-01-25,7726,1986,3455,1357
2020-01-27,7730,1988,3457,1357
2020-01-28,7734,1989,3459,1358
2020-01-29,7736,1989,3461,1358
2020-01-30,7740,1991,3462,1358
2020-02-01,7743,1993,3463,1358
2020-02-02,7746,1994,3464,1358
2020-02-03,7747,1995,3464,1358
2020-02-04,7753,1997,3466,1359
2020-02-05,7754,1997,3467,1359
2020-02-06,7755,1997,3468,1359
2020-02-07,7758,1997,3470,1359
2020-02-08,7760,1997,3472,1359
2020-02-09,7765,1998,3475,1359
2020-02-10,7768,1999,3477,1359
2020-02-12,7771,1999,3479,1359
2020-02-13,7776,1999,3481,1361
2020-02-14,7780,1999,3483,1363
2020-02-16,7785,1999,3485,1364
2020-02-17,7787,1999,3486,1364
2020-02-18,7789,2000,3487,1364
2020-02-19,7790,2000,3487,1365
2020-02-20,7794,2001,3488,1365
2020-02-21,7797,2001,3488,1366
2020-02-22,7799,2001,3489,1367
2020-02-23,7800,2001,3489,1367
2020-02-24,7803,2001,3491,1368
2020-02-25,7810,2003,3492,1368
2020-02-26,7816,2004,3493,1369
2020-02-27,7820,2005,3494,1371
2020-02-28,7822,2005,3495,1372
2020-02-29,7827,2006,3497,1374
2020-03-01,7832,2006,3499,1375
2020-03-02,7834,2006,3500,1375
2020-03-03,7838,2007,3502,1375
2020-03-04,7840,2007,3503,1375
2020-03-05,7845,2009,3505,1375
2020-03-06,7849,2010,3507,1375
2020-03-07,7851,2010,3508,1375
2020-03-08,7857,2012,3511,1375
2020-03-09,7860,2012,3512,1377
2020-03-10,7862,2012,3513,1378
2020-03-11,7864,2012,3515,1378
2020-03-12,7866,2013,3516,1378
2020-03-13,7873,2014,3519,1380
2020-03-14,7878,2014,3521,1381
2020-03-15,7883,2015,3524,1382
2020-03-16,7888,2016,3525,1383
2020-03-17,7890,2017,3526,1383
2020-03-18,7893,2018,3527,1383
2020-03-19,7896,2019,3529,1383
2020-03-20,7900,2022,3530,1383
2020-03-21,7905,2022,3531,1383
2020-03-22,7906,2022,3531,1383
2020-03-23,7908,2022,3532,1384
2020-03-24,7912,2022,3535,1385
2020-03-25,7915,2022,3537,1385
2020-03-26,7917,2022,3539,1385
2020-03-27,7921,2023,3540,1385
2020-03-28,7923,2023,3541,1385
2020-03-29,7924,2023,3542,1385
2020-03-30,7928,2024,3543,1387
2020-03-31,7930,2024,3544,1387
2020-04-01,7934,2024,3547,1387
2020-04-02,7938,2025,3549,1388
2020-04-03,7940,2025,3550,1389
2020-04-04,7941,2025,3550,1389
2020-04-05,7946,2025,3554,1389
2020-04-06,7949,2026,3555,1390
2020-04-07,7955,2028,3558,1390
2020-04-08,7958,2029,3560,1390
2020-04-09,7962,2031,3562,1390
2020-04-10,7968,2033,3564,1391
2020-04-11,7972,2033,3567,1391
2020-04-12,7977,2033,3568,1393
2020-04-13,7979,2033,3568,1394
2020-04-14,7980,2033,3569,1394
2020-04-15,7987,2034,3571,1395
2020-04-16,7989,2035,3572,1395
2020-04-17,7991,2036,3573,1395
2020-04-18,7995,2037,3574,1395
2020-04-19,8000,2039,3575,1396
2020-04-21,8004,2040,3575,1398
2020-04-22,8009,2042,3575,1399
2020-04-23,8012,2042,3576,1399
2020-04-24,8017,2042,3577,1400
2020-04-25,8019,2043,3578,1400
2020-04-26,8021,2043,3578,1400
2020-04-27,8024,2043,3579,1401
2020-04-28,8028,2044,3581,1401
2020-04-29,8035,2046,3581,1403
2020-04-30,8038,2046,3582,1403
2020-05-01,8044,2049,3584,1403
2020-05-03,8053,2049,3590,1404
2020-05-04,8056,2050,3590,1405
2020-05-05,8062,2052,3593,1406
2020-05-06,8066,2053,3594,1407
2020-05-07,8070,2055,3595,1408
2020-05-08,8073,2056,3595,1409
2020-05-09,8079,2057,3598,1410
2020-05-10,8080,2057,3599,1410
2020-05-11,8081,2057,3599,1410
2020-05-12,8083,2057,3601,1410
2020-05-13,8086,2058,3602,1410
2020-05-14,8089,2059,3603,1410
2020-05-15,8094,2059,3605,1410
2020-05-16,8097,2061,3606,1410
2020-05-17,8101,2061,3608,1411
2020-05-18,8103,2061,3610,1411
2020-05-19,8107,2062,3613,1411
2020-05-20,8110,2063,3613,1412
2020-05-21,8115,2065,3614,1412
2020-05-23,8119,2066,3614,1413
2020-05-24,8121,2066,3615,1413
2020-05-25,8128,2068,3615,1414
2020-05-26,8136,2068,3619,1416
2020-05-27,8143,2070,3620,1418
2020-05-28,8149,2071,3624,1418
2020-05-29,8156,2074,3626,1418
2020-05-30,8157,2075,3626,1418
2020-05-31,8159,2075,3628,1418
2020-06-01,8162,2076,3629,1419
2020-06-02,8165,2077,3630,1420
2020-06-03,8169,2077,3633,1421
2020-06-05,8172,2078,3634,1421
2020-06-06,8176,2078,3634,1422
2020-06-07,8180,2078,3635,1423
2020-06-08,8181,2078,3635,1423
2020-06-09,8185,2079,3637,1423
2020-06-10,8188,2079,3638,1423
2020-06-11,8192,2081,3639,1423
2020-06-12,8194,2083,3639,1423
2020-06-13,8197,2083,3641,1424
2020-06-15,8198,2083,3642,1424
2020-06-16,8200,2085,3642,1424
2020-06-17,8204,2086,3644,1424
2020-06-18,8208,2086,3647,1425
2020-06-19,8210,2086,3648,1425
2020-06-20,8211,2086,3648,1426
2020-06-21,8212,2086,3648,1426
2020-06-22,8217,2087,3648,1426
2020-06-23,8220,2087,3648,1427
2020-06-24,8223,2088,3648,1427
2020-06-25,8228,2090,3649,1428
2020-06-26,8230,2090,3651,1428
2020-06-27,8236,2091,3654,1429
2020-06-28,8237,2091,3655,1429
2020-06-29,8241,2091,3658,1430
2020-06-30,8243,2091,3658,1430
2020-07-01,8245,2091,3660,1430
2020-07-02,8248,2093,3660,1430
2020-07-03,8249,2093,3660,1430
2020-07-04,8253,2093,3660,1432
2020-07-05,8255,2093,3660,1432
2020-07-06,8259,2095,3661,1432
2020-07-07,8262,2096,3662,1433
2020-07-08,8265,2098,3663,1433
2020-07-09,8268,2099,3663,1434
2020-07-10,8272,2100,3664,1434
2020-07-11,8274,2100,3664,1435
2020-07-12,8277,2100,3665,1435
2020-07-13,8280,2101,3665,1435
2020-07-14,8284,2101,3667,1437
2020-07-15,8286,2101,3668,1437
2020-07-16,8289,2101,3671,1437
2020-07-17,8291,2101,3671,1437
2020-07-18,8292,2102,3671,1437
2020-07-19,8293,2102,3671,1437
2020-07-20,8295,2103,3671,1437
2020-07-21,8296,2104,3671,1437
2020-07-22,8299,2104,3673,1437
2020-07-23,8301,2105,3674,1437
2020-07-24,8305,2106,3674,1437
2020-07-25,8307,2106,3676,1437
2020-07-26,8308,2106,3676,1437
2020-07-27,8309,2106,3676,1437
2020-07-28,8312,2106,3677,1437
2020-07-29,8316,2106,3677,1437
2020-07-30,8320,2107,3677,1438
2020-07-31,8322,2107,3677,1438
2020-08-01,8324,2107,3679,1438
2020-08-02,8326,2107,3680,1438
2020-08-03,8328,2107,3681,1438
2020-08-04,8335,2108,3683,1439
2020-08-05,8336,2108,3683,1440
2020-08-06,8339,2109,3683,1440
2020-08-07,8345,2111,3685,1441
2020-08-08,8350,2112,3688,1441
2020-08-09,8353,2112,3689,1442
2020-08-10,8358,2112,3691,1444
2020-08-11,8361,2112,3692,1444
2020-08-13,8362,2113,3692,1444
2020-08-14,8365,2113,3693,1445
2020-08-15,8370,2115,3694,1445
2020-08-16,8374,2115,3696,1446
2020-08-17,8379,2115,3698,1449
2020-08-18,8382,2116,3699,1449
2020-08-19,8385,2116,3700,1450
2020-08-20,8390,2116,3703,1451
2020-08-21,8392,2116,3704,1451
2020-08-22,8396,2117,3704,1451
2020-08-23,8397,2117,3704,1451
2020-08-24,8399,2117,3704,1451
2020-08-25,8403,2118,3705,1451
2020-08-26,8405,2119,3705,1452
2020-08-27,8406,2119,3706,1452
2020-08-28,8407,2119,3706,1453
2020-08-29,8410,2121,3706,1453
2020-08-30,8412,2121,3707,1454
2020-08-31,8416,2122,3707,1456
2020-09-01,8417,2122,3708,1456
2020-09-02,8418,2123,3708,1456
2020-09-03,8421,2123,3710,1456
2020-09-04,8423,2124,3711,1456
2020-09-05,8426,2125,3712,1456
2020-09-06,8429,2125,3713,1456
2020-09-07,8430,2125,3714,1456
2020-09-09,8434,2126,3715,1456
2020-09-10,8439,2127,3717,1456
2020-09-11,8440,2127,3717,1456
2020-09-12,8442,2128,3717,1457
2020-09-13,8443,2128,3717,1458
2020-09-15,8446,2129,3718,1459
2020-09-16,8447,2129,3719,1459
2020-09-17,8448,2129,3719,1460
2020-09-18,8454,2129,3723,1460
2020-09-19,8457,2130,3724,1460
2020-09-20,8458,2130,3725,1460
2020-09-21,8462,2132,3725,1461
2020-09-22,8463,2132,3726,1461
2020-09-23,8464,2133,3726,1461
2020-09-24,8470,2133,3729,1462
2020-09-27,8472,2133,3729,1462
